Start date;End date;Germany/Luxembourg [€/MWh] Calculated resolutions;∅ DE/LU neighbours [€/MWh] Calculated resolutions;Belgium [€/MWh] Calculated resolutions;Denmark 1 [€/MWh] Calculated resolutions;Denmark 2 [€/MWh] Calculated resolutions;France [€/MWh] Calculated resolutions;Netherlands [€/MWh] Calculated resolutions;Norway 2 [€/MWh] Calculated resolutions;Austria [€/MWh] Calculated resolutions;Poland [€/MWh] Calculated resolutions;Sweden 4 [€/MWh] Calculated resolutions;Switzerland [€/MWh] Calculated resolutions;Czech Republic [€/MWh] Calculated resolutions;DE/AT/LU [€/MWh] Calculated resolutions;Northern Italy [€/MWh] Calculated resolutions;Slovenia [€/MWh] Calculated resolutions;Hungary [€/MWh] Calculated resolutions
Jan 1, 2022;Jan 2, 2022;82.58;89.31;85.68;82.41;82.17;87.08;93.51;127.15;84.08;83.29;82.17;92.28;82.58;-;150.69;84.08;83.07
Jan 2, 2022;Jan 3, 2022;47.35;63.36;50.62;55.69;53.31;49.12;58.81;114.39;55.83;76.50;53.31;72.68;56.71;-;166.91;55.83;92.04
Jan 3, 2022;Jan 4, 2022;76.11;94.90;79.40;78.20;71.81;92.12;98.38;129.29;84.13;92.11;73.53;155.74;89.24;-;192.66;164.63;100.26
Jan 4, 2022;Jan 5, 2022;153.92;150.50;156.28;140.98;132.99;156.30;162.67;147.31;154.55;146.73;132.98;170.80;153.92;-;165.73;154.56;166.22
Jan 5, 2022;Jan 6, 2022;107.87;139.73;155.75;108.69;108.59;185.56;185.32;133.39;132.30;118.57;108.59;178.21;122.07;-;192.54;133.42;132.00
Jan 6, 2022;Jan 7, 2022;194.10;195.84;216.73;188.03;180.25;225.77;222.10;185.99;201.62;148.11;170.99;220.54;194.10;-;225.75;201.62;199.90
Jan 7, 2022;Jan 8, 2022;167.18;176.77;185.13;157.72;157.73;215.92;204.28;158.60;180.94;130.23;157.73;227.71;168.54;-;233.52;183.57;187.36
Jan 8, 2022;Jan 9, 2022;165.90;169.18;175.36;145.77;145.87;176.56;184.68;145.40;177.54;171.22;145.87;221.48;171.29;-;234.47;182.86;181.30
Jan 9, 2022;Jan 10, 2022;146.56;150.35;147.50;131.53;131.53;150.28;153.73;142.52;172.64;134.41;131.53;211.14;147.03;-;213.28;188.28;176.34
Jan 10, 2022;Jan 11, 2022;261.55;249.66;261.17;244.50;246.73;261.25;259.11;193.68;261.47;242.88;246.73;267.18;261.55;-;261.38;261.26;261.55
Jan 11, 2022;Jan 12, 2022;255.41;229.43;251.96;155.98;224.34;253.96;240.89;151.46;254.75;252.17;224.34;259.49;254.35;-;253.93;254.53;254.49
Jan 12, 2022;Jan 13, 2022;233.32;201.35;236.66;129.61;151.20;237.20;229.04;138.55;234.34;224.08;151.20;249.98;232.96;-;236.95;234.24;234.04
Jan 13, 2022;Jan 14, 2022;180.16;140.09;216.60;18.54;18.54;223.70;189.65;127.34;196.67;118.72;18.54;233.82;178.87;-;225.25;207.37;219.53
Jan 14, 2022;Jan 15, 2022;178.76;154.33;215.89;87.98;75.65;233.58;186.00;129.76;199.62;110.24;55.21;224.95;178.76;-;232.83;216.22;206.93
Jan 15, 2022;Jan 16, 2022;215.99;191.12;217.60;170.22;170.22;220.50;210.00;155.90;216.98;172.55;126.74;229.69;211.97;-;220.87;216.98;214.87
Jan 16, 2022;Jan 17, 2022;133.10;139.23;202.32;95.26;40.93;212.55;199.89;127.73;188.06;104.73;18.36;207.85;133.80;-;213.05;206.59;209.25
Jan 17, 2022;Jan 18, 2022;129.31;159.55;204.71;83.26;80.97;261.13;204.29;132.33;184.39;97.28;80.97;252.39;173.32;-;246.97;209.09;211.29
Jan 18, 2022;Jan 19, 2022;235.87;202.51;240.35;162.50;152.40;244.83;223.31;161.58;237.56;178.76;148.67;241.81;235.87;-;244.83;238.05;237.50
Jan 19, 2022;Jan 20, 2022;172.18;147.47;195.54;52.47;33.89;236.03;180.53;135.65;203.93;130.20;33.89;228.19;191.84;-;237.33;233.40;227.17
Jan 20, 2022;Jan 21, 2022;117.70;143.05;178.31;69.85;66.19;228.02;160.52;130.24;179.90;107.65;66.19;226.73;159.99;-;228.02;211.16;193.43
Jan 21, 2022;Jan 22, 2022;159.27;157.53;191.79;132.77;110.82;216.69;168.28;137.74;177.04;108.37;110.69;218.61;160.06;-;217.45;209.43;209.36
Jan 22, 2022;Jan 23, 2022;175.76;175.14;192.50;157.50;165.47;202.74;176.82;138.81;190.76;160.67;164.29;201.19;175.76;-;204.63;197.42;194.43
Jan 23, 2022;Jan 24, 2022;193.70;169.35;195.22;140.20;140.20;196.97;192.48;136.14;194.41;159.11;115.05;199.40;193.70;-;197.38;194.41;202.60
Jan 24, 2022;Jan 25, 2022;245.94;187.47;244.06;130.66;61.88;247.00;242.93;134.20;246.19;202.14;61.88;245.32;245.94;-;246.48;246.19;246.20
Jan 25, 2022;Jan 26, 2022;297.29;231.40;291.16;175.28;149.53;295.11;276.95;154.84;296.85;188.71;149.53;270.31;297.10;-;295.11;296.85;299.13
Jan 26, 2022;Jan 27, 2022;234.98;188.60;225.84;104.90;92.10;275.45;222.96;130.30;246.75;173.97;92.10;270.25;239.92;-;275.45;262.63;295.12
Jan 27, 2022;Jan 28, 2022;120.71;150.56;200.25;33.39;33.39;262.15;200.08;126.41;193.02;111.38;33.39;274.18;188.53;-;265.25;264.98;257.24
Jan 28, 2022;Jan 29, 2022;174.35;173.81;217.75;115.81;112.95;250.65;212.15;135.99;205.07;111.92;101.00;251.09;197.47;-;260.80;242.78;244.53
Jan 29, 2022;Jan 30, 2022;92.13;125.32;112.46;70.67;38.62;218.90;159.77;107.61;161.19;124.32;17.20;228.03;139.70;-;242.04;221.35;233.40
Jan 30, 2022;Jan 31, 2022;55.30;126.74;186.48;52.68;34.84;223.55;168.39;120.67;141.42;75.73;31.14;230.00;129.23;-;218.72;218.72;156.82
Jan 31, 2022;Feb 1, 2022;195.20;197.84;202.44;184.79;195.20;213.48;194.60;162.90;205.35;202.63;175.03;239.14;200.66;-;232.89;216.38;220.47
Feb 1, 2022;Feb 2, 2022;150.25;178.50;201.33;137.44;141.62;213.76;191.70;143.79;207.44;152.80;142.86;227.36;203.45;-;244.87;241.39;212.66
Feb 2, 2022;Feb 3, 2022;140.22;169.99;181.46;132.03;135.83;205.81;177.12;135.36;193.21;141.97;139.70;234.29;193.08;-;215.78;210.47;250.30
Feb 3, 2022;Feb 4, 2022;193.56;186.01;192.68;173.64;178.13;205.97;183.75;147.61;197.93;180.67;176.43;215.60;193.65;-;213.81;208.06;213.13
Feb 4, 2022;Feb 5, 2022;132.37;154.86;179.86;119.26;118.13;192.81;174.78;123.43;193.70;148.78;57.61;210.91;184.15;-;232.72;237.81;230.38
Feb 5, 2022;Feb 6, 2022;88.89;110.44;104.60;49.59;28.09;193.28;130.43;115.73;153.73;101.22;23.63;196.07;118.50;-;225.21;217.07;229.03
Feb 6, 2022;Feb 7, 2022;52.78;99.73;62.36;53.38;47.00;136.96;121.10;111.54;135.12;93.99;40.32;200.60;94.64;-;205.62;204.49;184.20
Feb 7, 2022;Feb 8, 2022;84.68;144.64;188.31;81.20;80.84;205.50;155.26;121.81;183.26;107.65;80.37;203.75;183.08;-;208.46;193.75;190.24
Feb 8, 2022;Feb 9, 2022;137.81;142.21;176.89;114.21;89.45;202.53;167.79;122.91;157.99;126.06;37.32;213.04;156.15;-;206.49;160.91;177.78
Feb 9, 2022;Feb 10, 2022;165.89;153.61;191.76;117.47;102.89;209.29;175.82;120.69;186.77;127.80;57.14;219.76;180.35;-;220.58;215.70;210.89
Feb 10, 2022;Feb 11, 2022;192.82;160.96;202.91;130.34;130.34;204.92;188.56;124.10;196.00;133.36;55.06;212.16;192.82;-;213.88;211.52;215.55
Feb 11, 2022;Feb 12, 2022;184.58;172.42;193.27;177.00;177.15;206.96;181.68;127.87;192.83;134.39;105.51;212.47;187.50;-;221.08;220.53;210.83
Feb 12, 2022;Feb 13, 2022;143.05;135.89;152.28;108.79;104.12;190.93;164.09;111.93;160.44;126.99;34.02;195.18;145.96;-;191.49;181.38;172.98
Feb 13, 2022;Feb 14, 2022;83.58;100.50;85.62;82.28;33.25;150.26;137.04;102.78;134.64;84.07;17.28;181.91;96.41;-;197.22;188.20;151.88
Feb 14, 2022;Feb 15, 2022;102.22;137.14;155.51;88.82;67.39;187.27;175.76;108.60;178.00;97.68;67.39;207.95;174.13;-;211.41;208.26;222.48
Feb 15, 2022;Feb 16, 2022;155.00;147.71;181.64;108.81;60.83;193.45;202.10;112.68;195.76;119.37;60.83;210.40;178.95;-;211.41;211.03;209.18
Feb 16, 2022;Feb 17, 2022;117.38;131.47;125.67;107.07;74.79;152.46;163.79;109.97;183.09;98.44;74.37;200.80;155.72;-;221.78;214.54;207.24
Feb 17, 2022;Feb 18, 2022;68.64;107.33;105.87;68.52;60.48;132.70;112.38;101.75;140.54;91.98;60.48;190.13;115.84;-;182.74;153.09;179.99
Feb 18, 2022;Feb 19, 2022;117.63;126.87;156.85;105.51;76.36;158.69;180.55;109.74;134.35;97.08;73.02;184.14;119.23;-;200.98;164.56;154.29
Feb 19, 2022;Feb 20, 2022;39.62;89.00;82.84;39.62;35.62;115.95;95.72;101.63;100.11;86.91;39.25;181.77;99.59;-;178.97;129.42;149.64
Feb 20, 2022;Feb 21, 2022;67.28;95.44;97.18;67.28;53.42;94.34;117.59;99.93;96.96;90.52;54.43;182.96;95.21;-;182.49;114.47;126.95
Feb 21, 2022;Feb 22, 2022;75.42;114.76;145.80;74.06;61.56;153.67;152.38;106.28;115.74;92.14;62.72;192.03;105.94;-;187.99;179.88;138.62
Feb 22, 2022;Feb 23, 2022;123.24;139.21;159.88;123.24;114.07;175.00;166.25;121.24;137.63;111.66;113.01;181.93;127.36;-;186.61;148.99;141.54
Feb 23, 2022;Feb 24, 2022;130.09;138.16;173.94;104.74;93.84;189.38;163.79;109.81;147.91;111.31;93.84;194.61;136.63;-;194.44;162.18;180.04
Feb 24, 2022;Feb 25, 2022;123.39;133.85;162.15;108.74;72.25;187.14;174.48;116.14;140.92;107.99;63.69;211.73;127.07;-;218.27;157.35;178.49
Feb 25, 2022;Feb 26, 2022;119.96;163.20;242.66;112.36;93.39;245.43;213.35;124.57;166.40;103.86;86.01;265.67;141.46;-;284.29;267.53;219.41
Feb 26, 2022;Feb 27, 2022;225.43;208.25;242.99;224.80;219.69;243.40;245.33;140.64;229.24;140.96;128.92;249.36;225.43;-;250.21;229.24;229.24
Feb 27, 2022;Feb 28, 2022;182.41;171.26;187.78;178.63;178.63;196.55;183.95;138.08;191.58;118.84;118.84;208.54;182.41;-;202.54;191.58;183.77
Feb 28, 2022;Mar 1, 2022;208.30;201.89;219.78;178.55;179.02;250.95;217.75;143.03;246.53;142.79;161.41;256.31;224.70;-;255.68;245.04;268.77
Mar 1, 2022;Mar 2, 2022;241.40;220.06;258.04;229.20;205.66;270.02;252.33;147.85;251.94;146.76;126.54;287.53;244.86;-;274.32;264.89;249.60
Mar 2, 2022;Mar 3, 2022;278.78;245.69;269.97;278.78;278.78;274.02;244.05;151.18;278.64;160.72;212.12;275.64;278.72;-;279.57;278.87;278.76
Mar 3, 2022;Mar 4, 2022;338.20;290.28;341.49;338.20;338.20;346.67;330.90;160.69;340.00;145.03;186.71;327.00;338.20;-;362.74;362.87;338.20
Mar 4, 2022;Mar 5, 2022;358.78;318.34;364.87;358.78;358.78;363.70;352.77;202.82;367.45;153.99;223.68;388.05;366.88;-;383.30;375.27;379.16
Mar 5, 2022;Mar 6, 2022;344.40;303.31;359.57;343.50;343.50;355.04;332.11;186.08;350.30;168.06;191.17;362.67;344.40;-;363.65;360.15;350.30
Mar 6, 2022;Mar 7, 2022;340.80;291.43;332.01;339.28;339.28;364.42;329.92;191.67;366.74;135.76;103.74;362.12;340.80;-;379.33;370.68;340.80
Mar 7, 2022;Mar 8, 2022;410.10;351.53;410.97;392.46;397.39;421.05;392.56;239.18;426.36;138.21;207.70;424.22;416.74;-;456.06;427.14;436.30
Mar 8, 2022;Mar 9, 2022;487.57;425.23;461.95;445.36;464.54;540.66;443.32;263.55;555.45;171.90;268.83;574.54;487.41;-;594.83;561.96;544.73
Mar 9, 2022;Mar 10, 2022;446.25;394.51;457.55;443.73;443.73;462.30;432.22;226.27;474.03;166.79;246.42;539.73;446.88;-;484.75;474.03;473.30
Mar 10, 2022;Mar 11, 2022;279.15;280.35;347.82;252.60;239.64;367.23;311.40;213.27;365.05;145.81;158.44;386.44;296.17;-;393.67;385.86;324.55
Mar 11, 2022;Mar 12, 2022;80.44;181.59;175.75;80.07;64.63;278.65;184.05;191.68;299.02;121.47;64.63;353.24;184.31;-;371.49;319.32;307.33
Mar 12, 2022;Mar 13, 2022;124.25;177.78;186.90;114.79;104.29;263.96;222.94;180.80;230.53;134.13;96.07;268.30;152.84;-;281.11;278.72;262.12
Mar 13, 2022;Mar 14, 2022;115.10;157.21;144.68;110.57;73.68;250.32;201.18;165.22;221.02;86.99;59.23;281.44;134.95;-;307.09;284.60;268.86
Mar 14, 2022;Mar 15, 2022;281.44;248.65;279.54;248.95;229.35;301.27;275.95;199.96;289.11;154.18;164.94;310.41;281.44;-;323.39;316.05;305.84
Mar 15, 2022;Mar 16, 2022;300.54;270.69;290.65;271.11;280.82;295.77;271.11;215.57;301.84;188.72;259.94;301.54;300.54;-;304.19;303.67;304.35
Mar 16, 2022;Mar 17, 2022;245.30;241.92;278.99;230.33;231.26;278.33;266.24;194.09;270.56;165.57;204.28;286.60;254.84;-;282.16;280.69;276.06
Mar 17, 2022;Mar 18, 2022;225.41;199.29;246.31;165.06;147.17;260.26;231.22;175.59;246.85;130.75;83.32;268.37;237.23;-;264.55;249.87;248.62
Mar 18, 2022;Mar 19, 2022;228.90;205.77;229.07;215.61;215.61;233.83;227.11;183.77;235.48;161.52;85.59;246.92;228.90;-;248.30;236.18;232.05
Mar 19, 2022;Mar 20, 2022;130.95;154.17;113.18;130.59;128.33;208.45;147.88;168.40;189.74;130.16;101.39;234.41;143.36;-;253.90;201.15;237.99
Mar 20, 2022;Mar 21, 2022;49.04;122.16;159.46;49.58;44.54;219.68;150.45;164.13;108.92;89.91;42.06;236.40;78.61;-;228.22;164.23;129.56
Mar 21, 2022;Mar 22, 2022;205.75;195.04;218.68;188.51;166.13;243.59;217.02;177.24;223.08;140.60;115.44;249.38;205.75;-;247.48;228.19;224.11
Mar 22, 2022;Mar 23, 2022;236.49;221.47;232.22;236.49;236.49;239.93;232.34;196.01;238.00;146.71;192.00;249.52;236.49;-;244.17;238.00;236.55
Mar 23, 2022;Mar 24, 2022;236.53;222.80;232.81;236.53;236.53;242.44;232.24;203.44;238.38;150.79;199.64;241.65;236.30;-;242.00;238.38;236.98
Mar 24, 2022;Mar 25, 2022;238.00;220.58;239.00;237.24;237.30;248.21;233.40;191.31;240.54;147.11;167.83;246.42;238.00;-;248.04;241.77;240.24
Mar 25, 2022;Mar 26, 2022;244.38;211.08;242.07;216.30;203.93;272.79;242.03;188.00;252.17;134.75;59.67;265.78;244.38;-;279.71;254.65;247.61
Mar 26, 2022;Mar 27, 2022;189.55;168.58;170.48;174.28;123.01;231.23;182.67;182.34;217.76;115.14;34.49;233.40;189.55;-;235.29;217.76;204.91
Mar 27, 2022;Mar 28, 2022;200.59;174.13;200.55;186.65;182.55;207.57;197.78;184.64;202.04;106.11;49.98;196.92;200.59;-;206.83;202.04;203.81
Mar 28, 2022;Mar 29, 2022;221.57;172.84;225.20;126.86;80.40;250.66;215.85;186.08;229.91;100.63;16.84;247.20;221.57;-;254.04;230.77;226.03
Mar 29, 2022;Mar 30, 2022;250.18;222.72;244.94;210.72;210.72;260.19;234.34;202.44;252.32;150.51;179.96;253.57;250.18;-;254.62;253.23;252.26
Mar 30, 2022;Mar 31, 2022;271.03;249.10;264.04;244.75;250.29;301.26;248.26;217.05;275.69;167.55;217.02;283.13;271.03;-;303.60;275.63;271.03
Mar 31, 2022;Apr 1, 2022;209.19;226.77;255.65;210.17;206.29;294.20;258.23;209.84;227.57;126.53;195.47;300.42;210.11;-;300.69;227.57;217.72
Apr 1, 2022;Apr 2, 2022;160.13;199.89;208.62;172.83;160.13;317.50;201.04;187.07;190.47;112.68;155.45;327.93;165.12;-;317.57;190.47;171.15
Apr 2, 2022;Apr 3, 2022;166.40;197.91;222.81;166.40;166.40;302.92;224.64;185.99;196.10;122.45;112.47;312.02;164.78;-;304.32;195.85;167.95
Apr 3, 2022;Apr 4, 2022;172.89;195.07;280.30;170.91;140.29;292.65;240.77;183.77;197.26;99.61;76.82;311.90;151.47;-;284.05;194.00;161.26
Apr 4, 2022;Apr 5, 2022;75.33;199.37;225.80;75.33;62.15;551.43;212.34;172.84;209.58;91.22;66.15;349.39;176.88;-;348.92;217.94;230.45
Apr 5, 2022;Apr 6, 2022;183.02;188.37;184.58;153.56;99.42;308.30;239.18;181.74;217.33;109.01;74.72;310.21;194.01;-;305.39;220.16;216.81
Apr 6, 2022;Apr 7, 2022;121.33;165.87;127.69;121.33;121.87;274.35;185.73;173.89;168.38;117.44;113.41;274.99;145.53;-;284.72;180.07;174.65
Apr 7, 2022;Apr 8, 2022;74.15;132.87;81.99;76.62;80.36;219.54;200.56;170.11;140.18;87.61;78.63;227.90;98.06;-;244.63;159.87;167.96
Apr 8, 2022;Apr 9, 2022;120.87;153.82;212.93;107.21;63.87;248.11;228.69;170.62;152.49;96.98;41.58;243.90;125.65;-;281.58;211.89;162.14
Apr 9, 2022;Apr 10, 2022;59.82;123.47;133.53;59.82;25.69;241.63;180.90;165.96;116.54;85.36;28.15;241.69;78.88;-;239.65;118.13;134.73
Apr 10, 2022;Apr 11, 2022;74.65;117.25;182.70;62.82;18.32;217.91;189.23;167.82;92.03;59.30;18.91;201.34;79.36;-;215.10;94.53;90.16
Apr 11, 2022;Apr 12, 2022;223.62;205.10;233.17;218.89;182.57;229.05;233.14;190.16;225.19;133.44;143.51;243.40;223.62;-;238.20;225.30;227.59
Apr 12, 2022;Apr 13, 2022;184.59;193.99;210.80;181.53;180.19;239.96;205.27;183.75;203.39;144.30;160.35;238.90;185.39;-;268.41;226.13;202.51
Apr 13, 2022;Apr 14, 2022;222.52;201.13;234.43;208.45;185.77;238.08;239.05;185.30;226.72;126.09;102.29;243.71;222.52;-;246.03;227.33;225.18
Apr 14, 2022;Apr 15, 2022;227.71;207.57;227.49;221.98;221.06;227.92;227.54;193.85;227.76;160.36;117.45;230.18;227.71;-;243.69;231.04;227.75
Apr 15, 2022;Apr 16, 2022;192.96;176.71;202.64;191.74;177.45;199.74;206.25;189.51;194.02;134.08;61.36;194.07;192.96;-;245.98;194.02;193.24
Apr 16, 2022;Apr 17, 2022;149.21;139.76;144.92;149.21;149.21;152.01;147.79;171.06;149.82;114.22;58.46;151.03;149.59;-;194.14;149.82;162.50
Apr 17, 2022;Apr 18, 2022;108.82;106.04;105.16;111.57;110.59;112.23;108.05;147.91;109.49;90.26;47.13;119.06;104.99;-;172.32;109.49;104.99
Apr 18, 2022;Apr 19, 2022;120.23;119.49;120.75;126.38;126.29;123.55;126.63;138.84;120.62;104.27;87.06;119.77;120.23;-;185.64;120.81;131.15
Apr 19, 2022;Apr 20, 2022;213.00;201.72;208.84;212.36;213.00;217.80;209.31;198.50;221.76;147.84;159.61;208.14;221.76;-;233.79;228.57;245.20
Apr 20, 2022;Apr 21, 2022;203.25;186.24;199.07;203.25;203.25;206.02;201.27;189.99;207.58;135.40;85.61;209.67;207.58;-;238.48;226.07;241.10
Apr 21, 2022;Apr 22, 2022;199.50;178.98;196.55;198.37;198.37;202.56;198.59;187.22;201.58;140.68;46.10;197.31;201.46;-;244.97;213.66;209.77
Apr 22, 2022;Apr 23, 2022;172.49;167.38;171.36;171.97;168.41;200.52;179.60;174.25;203.60;122.98;52.63;191.96;203.93;-;232.41;203.60;204.43
Apr 23, 2022;Apr 24, 2022;93.31;114.29;73.96;104.89;81.31;172.36;62.54;157.71;142.42;121.68;61.00;157.59;121.68;-;258.40;152.16;150.35
Apr 24, 2022;Apr 25, 2022;108.53;111.00;77.35;108.29;108.14;149.01;83.82;126.91;125.42;97.70;77.45;152.67;114.20;-;213.59;125.42;125.42
Apr 25, 2022;Apr 26, 2022;223.46;210.96;222.33;221.22;221.36;222.83;221.22;203.14;223.38;144.77;199.36;217.53;223.46;-;263.10;223.38;223.46
Apr 26, 2022;Apr 27, 2022;238.47;225.75;228.71;232.60;238.03;243.57;224.63;197.13;241.34;164.88;227.54;244.78;240.05;-;251.92;246.57;240.78
Apr 27, 2022;Apr 28, 2022;222.21;214.05;220.43;222.15;222.21;222.02;219.06;203.49;222.21;158.33;212.65;229.79;222.24;-;239.52;225.56;223.28
Apr 28, 2022;Apr 29, 2022;230.15;222.69;230.10;228.31;230.15;230.20;230.12;208.12;230.16;165.92;220.40;245.98;230.15;-;243.49;230.16;230.15
Apr 29, 2022;Apr 30, 2022;228.02;222.67;227.86;227.83;227.83;228.17;227.92;215.89;228.06;187.60;224.58;225.57;228.02;-;244.74;228.06;228.02
Apr 30, 2022;May 1, 2022;201.28;195.48;200.93;201.28;201.28;200.93;201.16;196.84;201.83;149.92;192.61;202.28;201.28;-;210.71;204.99;201.34
May 1, 2022;May 2, 2022;194.74;182.27;194.74;194.74;194.74;194.74;194.74;192.93;194.74;121.68;139.32;187.81;194.74;-;208.75;195.07;194.74
May 2, 2022;May 3, 2022;219.02;201.26;218.17;212.27;200.96;218.95;217.44;206.18;219.05;115.27;157.16;229.35;219.02;-;226.87;219.05;219.02
May 3, 2022;May 4, 2022;218.16;199.65;218.13;218.16;197.14;218.21;218.16;214.57;218.25;111.47;145.28;218.54;218.25;-;256.21;224.29;218.37
May 4, 2022;May 5, 2022;231.29;219.42;227.64;231.29;231.29;234.59;228.42;222.35;232.18;140.08;206.76;227.15;231.88;-;246.48;232.18;233.20
May 5, 2022;May 6, 2022;234.49;225.88;233.78;234.14;234.49;234.28;233.72;221.88;235.18;168.56;217.39;236.12;235.18;-;269.26;235.39;236.62
May 6, 2022;May 7, 2022;225.36;217.66;225.36;223.72;224.39;225.36;225.36;212.21;225.36;166.83;211.68;228.68;225.36;-;277.90;229.66;225.36
May 7, 2022;May 8, 2022;201.43;191.59;201.43;197.23;197.23;201.43;201.43;194.71;201.43;152.66;160.92;197.54;201.43;-;210.85;205.48;201.43
May 8, 2022;May 9, 2022;171.82;164.25;168.15;171.81;171.81;175.00;169.19;181.54;172.93;125.31;125.16;174.00;171.82;-;200.21;176.72;173.97
May 9, 2022;May 10, 2022;216.81;204.30;215.24;215.43;215.43;219.25;214.78;199.85;217.68;135.75;176.32;220.82;216.81;-;249.70;224.46;237.86
May 10, 2022;May 11, 2022;183.32;167.87;165.25;171.41;128.59;207.13;167.94;184.72;201.16;124.72;86.26;213.06;196.38;-;230.31;228.19;210.33
May 11, 2022;May 12, 2022;159.09;160.52;150.78;156.59;156.59;191.42;157.47;174.42;189.69;117.02;86.84;197.52;187.34;-;236.65;205.43;268.50
May 12, 2022;May 13, 2022;169.12;154.16;175.68;154.04;118.00;196.25;168.40;155.67;177.32;108.24;64.75;202.14;175.27;-;223.08;208.25;218.79
May 13, 2022;May 14, 2022;168.79;159.40;165.73;143.66;119.91;203.91;160.78;143.59;194.82;133.18;85.09;208.54;194.20;-;248.40;226.40;196.90
May 14, 2022;May 15, 2022;152.97;136.42;154.59;145.55;63.71;183.59;160.89;137.87;166.89;128.72;12.68;182.94;163.17;-;212.04;166.89;173.88
May 15, 2022;May 16, 2022;149.02;137.79;148.24;149.02;149.02;147.72;148.92;141.86;148.91;119.93;61.86;151.14;149.02;-;215.09;148.91;157.11
May 16, 2022;May 17, 2022;211.58;195.95;190.45;208.39;210.67;218.90;208.10;176.69;214.87;168.45;143.53;200.67;214.70;-;237.89;216.71;236.47
May 17, 2022;May 18, 2022;225.75;212.97;219.53;225.05;225.05;229.81;221.37;179.47;226.31;179.43;182.62;227.85;226.12;-;236.82;232.84;235.73
May 18, 2022;May 19, 2022;206.97;198.00;202.77;193.44;198.03;213.33;205.50;178.77;207.41;172.11;192.38;207.35;206.97;-;230.88;207.41;206.97
May 19, 2022;May 20, 2022;210.81;200.55;209.40;210.81;201.73;213.88;210.81;189.53;210.85;152.25;184.60;211.34;210.81;-;248.03;220.83;210.81
May 20, 2022;May 21, 2022;209.23;194.30;204.61;201.89;181.94;207.39;213.02;183.00;208.70;146.07;174.68;206.77;209.23;-;246.86;208.70;209.35
May 21, 2022;May 22, 2022;103.36;129.57;135.76;116.77;109.86;177.81;138.92;132.54;119.23;101.59;107.09;173.70;111.97;-;213.11;143.59;140.82
May 22, 2022;May 23, 2022;166.03;162.83;165.92;166.00;166.00;166.19;165.90;159.39;166.06;149.27;149.74;170.64;166.03;-;192.47;166.83;166.88
May 23, 2022;May 24, 2022;188.14;182.11;190.58;180.01;174.75;191.04;196.33;173.63;188.43;162.24;172.08;185.92;188.14;-;221.41;216.21;207.22
May 24, 2022;May 25, 2022;162.94;156.23;171.13;126.29;129.26;183.18;177.89;128.29;172.86;151.39;128.72;177.80;171.67;-;229.67;195.64;204.00
May 25, 2022;May 26, 2022;177.50;173.41;159.28;163.10;166.60;191.13;163.42;153.17;179.89;193.79;162.81;182.98;191.37;-;215.46;200.81;193.18
May 26, 2022;May 27, 2022;67.93;84.63;51.09;48.72;29.28;166.02;90.60;52.86;92.06;107.36;22.89;159.11;110.91;-;222.66;195.30;191.28
May 27, 2022;May 28, 2022;46.77;86.67;39.61;43.21;19.22;162.85;97.21;47.91;72.24;110.99;16.92;168.63;174.55;-;244.50;192.37;206.47
May 28, 2022;May 29, 2022;36.85;79.05;79.35;34.41;35.04;151.16;66.80;33.98;71.55;102.60;35.04;155.78;103.80;-;202.23;126.56;171.96
May 29, 2022;May 30, 2022;156.33;153.61;159.01;154.30;155.53;158.82;165.41;141.95;156.79;132.64;146.93;162.05;156.33;-;187.86;161.15;156.79
May 30, 2022;May 31, 2022;225.99;215.00;225.99;225.99;225.99;225.99;225.99;174.95;225.99;181.76;205.12;221.22;225.99;-;227.64;226.79;226.22
May 31, 2022;Jun 1, 2022;210.17;199.42;208.33;210.15;210.17;211.04;207.51;174.96;210.35;173.97;154.99;221.90;210.24;-;234.54;224.92;219.74
Jun 1, 2022;Jun 2, 2022;215.29;204.75;215.20;215.26;215.29;216.85;215.26;179.54;218.11;181.12;161.78;215.72;218.11;-;241.57;235.60;228.05
Jun 2, 2022;Jun 3, 2022;188.87;179.64;185.18;171.31;172.17;193.49;183.81;164.06;194.26;166.59;153.00;197.98;194.15;-;213.50;205.90;195.77
Jun 3, 2022;Jun 4, 2022;184.55;175.43;166.11;173.75;182.63;198.71;167.36;161.35;186.22;172.01;140.04;195.49;186.11;-;267.15;197.38;198.38
Jun 4, 2022;Jun 5, 2022;162.49;163.28;144.30;162.03;162.49;174.01;146.94;154.08;171.37;173.59;159.64;175.09;172.59;-;209.74;192.33;181.61
Jun 5, 2022;Jun 6, 2022;141.58;136.65;140.16;141.62;141.58;153.65;146.59;140.63;143.59;129.81;49.10;171.92;144.50;-;202.33;171.60;146.55
Jun 6, 2022;Jun 7, 2022;91.33;111.85;67.35;91.36;93.12;153.33;95.81;85.71;112.62;149.53;47.78;171.60;162.17;-;249.95;167.63;179.15
Jun 7, 2022;Jun 8, 2022;183.88;184.01;183.42;183.82;183.88;188.10;183.40;167.05;184.61;204.02;144.06;197.74;204.02;-;231.74;212.47;229.64
Jun 8, 2022;Jun 9, 2022;190.35;184.97;181.44;190.22;190.35;191.83;181.26;171.47;191.13;203.25;144.73;192.04;196.99;-;196.91;195.90;224.47
Jun 9, 2022;Jun 10, 2022;185.49;183.44;175.39;185.49;185.49;185.19;172.83;167.41;188.88;207.43;169.64;185.90;194.14;-;214.77;213.25;203.82
Jun 10, 2022;Jun 11, 2022;185.75;179.32;181.33;184.05;185.75;194.05;182.89;161.53;185.58;170.38;145.10;194.99;186.89;-;203.57;191.48;190.83
Jun 11, 2022;Jun 12, 2022;134.70;137.44;107.31;132.55;132.62;182.38;111.60;121.37;138.74;143.77;129.59;173.89;138.07;-;189.33;174.17;153.61
Jun 12, 2022;Jun 13, 2022;116.96;113.62;115.15;112.72;112.80;148.63;109.96;110.17;119.02;117.34;22.98;166.43;114.65;-;165.60;124.37;119.11
Jun 13, 2022;Jun 14, 2022;165.56;170.67;169.01;153.54;153.55;203.38;166.29;151.44;174.89;173.34;152.96;205.13;173.80;-;210.94;192.67;192.65
Jun 14, 2022;Jun 15, 2022;194.98;183.53;195.97;180.04;155.86;211.44;187.37;177.30;200.48;141.94;155.62;215.66;197.14;-;218.65;208.08;206.96
Jun 15, 2022;Jun 16, 2022;211.83;210.11;210.59;211.83;211.83;233.26;203.18;180.60;214.55;201.17;210.40;220.65;213.21;-;250.25;236.21;222.85
Jun 16, 2022;Jun 17, 2022;201.97;212.07;239.32;201.97;201.97;272.85;216.94;183.98;204.80;158.59;198.27;247.33;206.78;-;277.23;249.47;232.19
Jun 17, 2022;Jun 18, 2022;255.43;248.50;268.21;247.35;255.03;303.54;261.23;207.05;256.46;184.74;184.20;311.28;254.35;-;328.53;272.92;259.80
Jun 18, 2022;Jun 19, 2022;195.40;193.78;232.44;192.50;192.50;280.15;204.31;166.66;213.43;162.94;9.37;288.55;188.68;-;294.79;225.31;203.72
Jun 19, 2022;Jun 20, 2022;154.65;150.11;161.05;154.65;154.65;165.43;159.52;145.37;154.89;117.70;17.81;265.89;154.27;-;256.38;162.34;166.45
Jun 20, 2022;Jun 21, 2022;267.37;263.40;264.51;267.37;267.37;303.95;241.32;239.99;287.05;229.34;221.65;299.46;275.42;-;315.56;293.81;285.24
Jun 21, 2022;Jun 22, 2022;288.59;278.15;306.33;287.69;287.80;354.03;271.55;236.92;314.63;168.75;214.95;331.20;285.81;-;360.94;340.86;299.04
Jun 22, 2022;Jun 23, 2022;323.34;298.39;289.86;323.34;323.34;383.14;260.22;222.55;343.94;220.52;214.56;376.60;324.19;-;385.30;344.35;329.24
Jun 23, 2022;Jun 24, 2022;295.08;297.25;314.84;295.08;295.08;352.56;284.27;229.01;312.96;241.44;284.65;360.73;299.12;-;365.78;317.46;308.30
Jun 24, 2022;Jun 25, 2022;274.30;249.07;294.80;242.19;210.93;302.60;284.50;200.32;282.17;166.46;161.45;323.20;271.14;-;318.44;299.99;271.33
Jun 25, 2022;Jun 26, 2022;240.39;231.87;251.46;240.37;238.11;258.43;247.42;196.79;250.26;175.49;158.66;286.02;247.57;-;305.15;263.96;253.85
Jun 26, 2022;Jun 27, 2022;201.67;211.90;225.30;201.67;201.67;249.06;218.09;164.25;226.45;164.14;183.53;278.71;217.99;-;286.15;262.08;245.29
Jun 27, 2022;Jun 28, 2022;316.65;301.76;314.19;316.65;316.65;334.25;298.99;215.04;333.35;228.57;309.81;329.13;322.69;-;347.72;346.50;330.70
Jun 28, 2022;Jun 29, 2022;331.52;318.41;327.36;331.46;331.46;366.40;303.71;210.17;362.16;248.75;314.55;364.88;341.60;-;386.46;383.33;367.77
Jun 29, 2022;Jun 30, 2022;315.54;307.30;297.31;315.54;315.54;335.24;287.57;245.10;334.59;268.65;314.39;344.84;321.51;-;336.93;336.53;329.09
Jun 30, 2022;Jul 1, 2022;325.48;327.37;348.11;325.48;325.48;362.06;322.40;271.38;347.63;282.27;324.15;357.36;334.70;-;365.42;356.72;348.14
Jul 1, 2022;Jul 2, 2022;314.38;307.33;305.54;305.87;311.00;343.16;306.52;229.97;334.18;261.53;307.95;345.76;329.22;-;370.68;344.47;360.76
Jul 2, 2022;Jul 3, 2022;218.92;225.55;238.18;218.42;218.42;265.62;225.80;196.99;255.68;222.47;115.70;296.90;226.84;-;355.80;255.42;237.58
Jul 3, 2022;Jul 4, 2022;200.11;201.37;206.04;200.11;200.11;215.88;202.42;181.54;225.02;179.46;169.91;229.77;204.82;-;372.74;240.59;221.82
Jul 4, 2022;Jul 5, 2022;293.89;296.80;313.30;265.97;265.97;369.46;286.11;220.35;344.10;291.72;254.47;344.97;308.40;-;392.88;375.92;389.48
Jul 5, 2022;Jul 6, 2022;318.37;296.44;324.32;246.06;246.06;371.60;308.18;228.29;353.74;316.71;167.59;370.82;327.46;-;419.87;395.00;360.82
Jul 6, 2022;Jul 7, 2022;303.54;287.31;337.73;259.46;251.52;388.69;301.86;230.70;347.33;248.93;117.69;376.58;299.89;-;428.90;359.92;365.57
Jul 7, 2022;Jul 8, 2022;213.22;251.51;287.95;195.37;164.09;381.79;235.46;193.67;310.71;271.08;156.27;357.13;213.05;-;412.90;357.74;371.85
Jul 8, 2022;Jul 9, 2022;295.92;274.80;351.44;193.79;193.79;410.95;312.06;203.12;303.83;256.15;133.72;395.98;268.00;-;425.24;313.84;286.94
Jul 9, 2022;Jul 10, 2022;148.14;162.98;245.03;101.35;4.39;332.92;182.15;118.39;174.24;130.49;3.77;383.90;116.16;-;377.67;191.97;170.30
Jul 10, 2022;Jul 11, 2022;115.16;146.86;201.73;115.16;95.35;224.43;200.59;113.26;124.93;97.44;35.04;315.60;91.96;-;323.98;126.73;110.05
Jul 11, 2022;Jul 12, 2022;372.59;348.43;364.96;369.93;369.53;384.10;363.96;292.68;376.94;244.40;296.50;399.33;370.42;-;415.94;377.97;374.66
Jul 12, 2022;Jul 13, 2022;377.66;340.16;378.38;372.88;350.42;432.43;367.43;297.54;396.77;151.60;203.46;414.60;376.28;-;440.17;401.46;393.10
Jul 13, 2022;Jul 14, 2022;352.16;287.43;379.21;276.09;113.46;446.95;344.93;257.36;377.99;159.04;51.92;413.62;341.20;-;451.52;383.44;364.70
Jul 14, 2022;Jul 15, 2022;367.38;271.52;374.78;253.28;5.58;386.72;363.88;264.70;391.15;170.35;5.58;388.74;381.99;-;447.58;421.31;417.38
Jul 15, 2022;Jul 16, 2022;329.92;261.94;356.40;219.36;66.92;397.49;327.95;236.42;384.28;153.22;3.13;397.81;338.36;-;438.76;402.42;390.48
Jul 16, 2022;Jul 17, 2022;174.81;189.44;237.70;132.91;94.72;320.30;175.66;147.25;294.52;164.86;11.82;346.32;157.77;-;425.15;305.01;272.57
Jul 17, 2022;Jul 18, 2022;221.86;195.05;214.64;219.26;212.74;239.88;215.07;212.13;242.26;136.23;10.25;239.38;203.69;-;362.34;235.38;224.37
Jul 18, 2022;Jul 19, 2022;396.07;358.42;408.21;381.67;354.48;486.00;377.37;318.04;449.06;274.32;84.40;419.04;390.05;-;493.22;449.18;426.37
Jul 19, 2022;Jul 20, 2022;397.09;360.37;354.51;394.20;394.20;521.30;359.76;326.28;444.49;227.66;122.58;428.10;391.01;-;527.09;457.07;465.89
Jul 20, 2022;Jul 21, 2022;332.70;319.10;339.00;276.71;195.89;589.22;325.21;271.69;419.40;232.13;100.40;444.55;315.92;-;585.94;438.86;432.40
Jul 21, 2022;Jul 22, 2022;396.73;372.26;349.19;372.96;334.62;555.36;354.09;328.26;451.62;228.68;279.05;434.93;406.13;-;595.27;464.69;472.13
Jul 22, 2022;Jul 23, 2022;377.45;348.15;339.56;324.82;289.93;494.03;333.04;310.60;436.81;323.57;166.65;413.19;397.47;-;557.28;472.01;462.22
Jul 23, 2022;Jul 24, 2022;324.99;302.35;322.38;318.14;255.33;348.32;308.84;306.65;364.86;300.84;108.95;347.91;343.61;-;458.19;366.70;360.20
Jul 24, 2022;Jul 25, 2022;260.63;248.64;238.59;258.65;235.50;334.13;239.45;254.94;333.36;163.83;68.29;322.64;285.67;-;362.65;322.15;314.93
Jul 25, 2022;Jul 26, 2022;309.81;277.21;294.86;263.13;220.75;373.05;289.61;263.44;385.55;189.84;10.94;396.49;361.62;-;552.13;467.06;510.22
Jul 26, 2022;Jul 27, 2022;316.57;288.36;327.69;165.64;90.51;532.25;315.12;209.79;443.04;260.88;7.13;436.31;383.57;-;555.32;482.33;500.92
Jul 27, 2022;Jul 28, 2022;424.49;327.65;381.27;233.71;143.12;529.62;374.09;265.95;465.78;235.59;82.42;468.39;424.26;-;534.70;488.09;506.88
Jul 28, 2022;Jul 29, 2022;473.25;422.73;412.38;455.07;463.83;534.68;425.46;423.73;497.53;271.14;161.27;520.97;483.96;-;567.53;513.48;513.31
Jul 29, 2022;Jul 30, 2022;438.65;402.37;385.83;437.70;437.70;499.49;396.99;415.81;477.14;261.84;176.39;483.87;453.28;-;519.87;486.16;501.71
Jul 30, 2022;Jul 31, 2022;380.77;343.49;374.62;380.77;340.12;397.53;368.79;372.34;407.76;251.92;94.82;395.71;394.02;-;436.27;406.70;408.29
Jul 31, 2022;Aug 1, 2022;317.79;281.76;315.85;317.76;317.76;319.51;316.87;313.77;316.95;149.78;68.33;345.93;316.82;-;385.71;316.70;316.09
Aug 1, 2022;Aug 2, 2022;424.62;368.71;399.86;376.83;376.83;454.78;404.33;366.28;431.65;234.53;133.19;450.18;427.33;-;464.81;430.47;430.20
Aug 2, 2022;Aug 3, 2022;380.51;331.64;304.80;331.85;267.03;471.64;333.21;318.43;452.83;240.69;61.54;449.75;416.27;-;483.79;443.63;445.71
Aug 3, 2022;Aug 4, 2022;384.83;317.49;324.60;295.17;277.35;508.48;317.55;292.11;427.55;188.74;4.42;454.66;401.80;-;517.15;426.00;423.37
Aug 4, 2022;Aug 5, 2022;414.16;342.81;395.03;380.11;334.23;482.37;375.70;349.92;427.77;159.40;7.55;445.07;413.81;-;539.78;419.84;420.38
Aug 5, 2022;Aug 6, 2022;380.31;331.44;372.63;362.82;360.05;411.33;371.06;350.41;413.31;187.82;17.94;413.69;384.79;-;532.91;424.00;431.22
Aug 6, 2022;Aug 7, 2022;273.81;238.39;282.36;250.56;202.70;282.40;269.41;267.30;306.61;151.59;5.34;303.66;300.37;-;535.49;328.58;341.36
Aug 7, 2022;Aug 8, 2022;214.92;197.62;214.99;214.92;214.92;215.59;214.14;235.00;216.84;144.37;32.12;255.10;215.82;-;459.71;216.66;216.49
Aug 8, 2022;Aug 9, 2022;359.55;341.39;351.50;359.55;359.55;359.18;358.45;344.29;376.97;248.34;280.02;347.28;370.21;-;477.10;375.35;378.20
Aug 9, 2022;Aug 10, 2022;344.87;336.61;344.06;344.87;344.87;347.71;342.08;338.76;355.93;269.02;301.12;361.40;352.87;-;474.40;360.53;360.16
Aug 10, 2022;Aug 11, 2022;335.08;321.11;329.84;335.08;335.08;336.05;333.00;326.69;342.35;253.86;258.41;342.09;339.81;-;432.58;341.80;342.86
Aug 11, 2022;Aug 12, 2022;368.15;347.67;370.99;368.15;368.15;376.23;368.15;350.69;380.99;226.04;282.70;352.82;379.43;-;486.41;385.15;384.89
Aug 12, 2022;Aug 13, 2022;436.80;413.01;432.60;436.80;436.80;444.91;430.19;410.62;444.47;211.36;431.36;413.10;450.89;-;485.32;456.85;457.09
Aug 13, 2022;Aug 14, 2022;377.74;367.82;361.96;377.74;377.74;396.94;364.62;372.14;412.89;243.88;345.95;397.68;394.42;-;447.33;409.50;407.00
Aug 14, 2022;Aug 15, 2022;330.46;325.89;329.38;329.97;329.32;365.85;318.19;351.04;381.89;157.31;323.07;349.15;349.64;-;402.82;371.19;367.91
Aug 15, 2022;Aug 16, 2022;426.60;386.99;422.57;426.60;409.35;424.64;428.68;403.79;426.93;190.21;283.71;413.17;427.20;-;463.69;426.97;427.17
Aug 16, 2022;Aug 17, 2022;490.79;445.54;421.09;490.79;490.79;500.82;454.79;445.93;490.79;297.77;359.03;496.07;453.02;-;503.87;504.88;500.56
Aug 17, 2022;Aug 18, 2022;551.95;527.00;540.80;551.95;551.95;552.85;539.37;496.99;555.13;368.67;540.47;545.84;553.03;-;538.44;554.24;553.92
Aug 18, 2022;Aug 19, 2022;563.76;532.20;538.49;563.76;563.76;553.62;512.91;532.52;562.53;384.72;521.51;556.14;564.22;-;549.19;562.64;563.48
Aug 19, 2022;Aug 20, 2022;515.10;482.83;504.30;515.10;515.10;509.84;492.24;492.46;516.90;361.36;359.84;527.11;516.88;-;513.93;516.12;517.69
Aug 20, 2022;Aug 21, 2022;457.97;412.05;437.01;457.97;457.97;463.23;456.07;444.53;470.45;360.34;54.99;464.88;465.11;-;515.25;469.46;469.07
Aug 21, 2022;Aug 22, 2022;364.13;359.43;369.34;364.13;364.13;398.20;361.76;367.70;405.38;233.26;292.09;410.40;387.32;-;456.09;400.87;399.29
Aug 22, 2022;Aug 23, 2022;563.81;538.20;561.94;563.81;563.81;571.34;558.23;542.21;564.66;328.68;542.23;559.56;563.70;-;571.33;564.31;563.87
Aug 23, 2022;Aug 24, 2022;605.13;572.70;603.38;605.13;605.13;611.85;603.55;544.15;615.75;387.92;485.82;624.52;612.55;-;610.83;616.26;616.69
Aug 24, 2022;Aug 25, 2022;624.34;577.90;611.97;624.34;624.34;645.54;611.34;570.18;635.52;380.37;397.62;625.09;630.59;-;642.25;635.38;635.68
Aug 25, 2022;Aug 26, 2022;599.83;564.58;588.19;599.83;599.83;630.62;585.85;560.58;628.56;320.80;456.15;624.36;615.56;-;628.99;625.49;625.00
Aug 26, 2022;Aug 27, 2022;699.44;637.08;700.41;699.44;699.44;706.32;693.83;647.13;707.23;352.39;409.82;688.63;703.26;-;724.65;708.01;708.98
Aug 27, 2022;Aug 28, 2022;607.84;555.02;600.25;607.84;607.84;626.79;603.58;595.86;647.86;349.43;272.41;569.25;624.18;-;714.64;647.03;652.28
Aug 28, 2022;Aug 29, 2022;401.03;418.65;408.09;401.00;401.00;488.78;384.54;497.80;545.94;238.52;189.48;586.76;463.27;-;672.66;536.53;542.57
Aug 29, 2022;Aug 30, 2022;658.41;600.97;630.90;658.41;639.02;733.64;630.06;644.88;764.17;218.82;337.41;684.54;668.79;-;751.29;747.99;731.05
Aug 30, 2022;Aug 31, 2022;660.24;622.81;622.63;660.24;660.24;743.84;607.45;660.06;725.98;300.88;457.73;724.87;687.05;-;740.73;732.69;748.97
Aug 31, 2022;Sep 1, 2022;604.49;578.69;516.18;604.49;604.49;651.77;534.47;603.18;673.28;338.22;522.54;682.47;634.55;-;638.11;675.81;690.89
Sep 1, 2022;Sep 2, 2022;571.20;550.84;494.43;571.20;571.20;635.63;534.68;570.49;620.19;315.45;520.42;628.36;597.24;-;676.10;619.08;618.10
Sep 2, 2022;Sep 3, 2022;422.25;437.03;439.48;425.43;425.43;516.69;425.28;433.57;498.05;242.82;420.21;530.26;450.08;-;534.68;504.21;493.95
Sep 3, 2022;Sep 4, 2022;287.75;317.13;330.18;287.75;238.30;416.62;286.35;383.79;383.15;196.57;238.30;427.37;300.02;-;475.52;371.41;358.01
Sep 4, 2022;Sep 5, 2022;242.71;256.86;268.20;242.71;185.74;322.73;250.69;309.32;303.22;128.81;185.74;360.34;267.96;-;395.55;319.61;310.42
Sep 5, 2022;Sep 6, 2022;357.45;377.77;359.78;356.07;343.55;435.82;359.16;390.85;446.36;217.35;370.23;480.01;396.32;-;464.64;447.05;449.36
Sep 6, 2022;Sep 7, 2022;417.27;417.34;439.77;411.40;339.64;523.99;426.85;411.59;516.45;174.30;323.43;553.89;469.42;-;551.45;535.48;531.44
Sep 7, 2022;Sep 8, 2022;462.47;422.86;445.73;457.39;407.63;468.96;443.93;455.68;476.99;143.74;383.89;493.15;474.31;-;483.38;476.34;484.01
Sep 8, 2022;Sep 9, 2022;443.52;383.83;434.92;432.18;285.86;453.38;438.77;434.79;461.02;114.00;285.86;422.23;459.10;-;504.86;464.79;481.41
Sep 9, 2022;Sep 10, 2022;345.70;321.63;345.88;345.70;324.88;347.52;345.08;347.98;362.60;139.18;243.72;372.55;362.84;-;445.64;383.93;384.77
Sep 10, 2022;Sep 11, 2022;404.32;365.16;404.32;404.32;404.32;404.32;404.32;410.41;404.32;183.69;223.15;369.25;404.32;-;425.42;404.32;404.32
Sep 11, 2022;Sep 12, 2022;391.49;365.26;390.61;391.49;391.49;390.94;389.35;403.58;391.49;151.40;358.60;367.31;391.56;-;405.20;391.53;391.64
Sep 12, 2022;Sep 13, 2022;408.03;384.62;407.90;406.66;407.91;416.88;399.68;408.63;419.82;152.16;361.27;426.09;423.76;-;451.57;438.68;436.37
Sep 13, 2022;Sep 14, 2022;392.37;351.96;414.90;370.44;360.72;444.21;401.16;383.39;421.18;160.71;66.05;420.84;427.92;-;457.52;448.82;448.65
Sep 14, 2022;Sep 15, 2022;455.81;379.24;441.01;426.70;407.30;461.38;417.30;422.94;455.47;136.20;93.38;452.85;457.10;-;468.81;458.07;458.49
Sep 15, 2022;Sep 16, 2022;369.37;343.94;395.96;355.79;355.79;436.56;372.36;361.13;397.70;156.78;118.75;452.17;380.37;-;450.41;402.35;397.79
Sep 16, 2022;Sep 17, 2022;201.20;256.47;245.09;201.20;201.20;399.00;205.82;317.59;365.48;101.75;98.04;423.13;262.91;-;485.56;396.70;379.13
Sep 17, 2022;Sep 18, 2022;68.77;159.51;97.65;68.77;70.72;225.86;100.78;256.65;294.04;142.24;50.44;291.70;155.76;-;373.71;268.98;261.01
Sep 18, 2022;Sep 19, 2022;77.93;129.94;138.24;78.44;78.48;199.95;124.82;112.37;175.92;111.52;77.58;233.87;98.20;-;304.22;156.26;132.39
Sep 19, 2022;Sep 20, 2022;261.68;259.02;274.01;261.68;261.68;315.65;266.68;273.87;284.16;157.05;168.08;317.65;268.72;-;371.29;289.11;276.76
Sep 20, 2022;Sep 21, 2022;363.42;341.17;342.07;363.42;363.42;377.66;350.43;368.20;364.98;196.11;278.40;382.77;365.42;-;393.98;372.25;367.25
Sep 21, 2022;Sep 22, 2022;379.94;356.35;357.08;379.94;379.94;381.03;348.83;377.05;380.96;189.50;354.72;389.19;381.56;-;398.03;381.92;382.14
Sep 22, 2022;Sep 23, 2022;387.89;363.59;377.64;387.89;387.89;408.96;383.93;370.46;399.17;198.30;284.39;406.19;394.69;-;417.71;413.00;398.62
Sep 23, 2022;Sep 24, 2022;368.33;344.20;368.78;368.33;368.33;399.15;371.59;351.73;362.04;201.38;247.06;377.84;369.95;-;428.21;409.83;385.68
Sep 24, 2022;Sep 25, 2022;351.11;325.22;351.79;351.11;351.11;353.21;350.44;342.21;344.43;210.42;204.02;369.64;349.07;-;376.12;370.90;370.04
Sep 25, 2022;Sep 26, 2022;276.50;258.79;266.58;276.50;276.50;272.83;248.07;292.63;277.48;171.93;187.90;299.28;277.02;-;323.94;279.03;278.54
Sep 26, 2022;Sep 27, 2022;245.93;250.68;240.95;245.93;245.93;277.29;246.51;248.91;315.97;186.03;118.63;331.93;299.45;-;347.98;328.31;336.09
Sep 27, 2022;Sep 28, 2022;310.21;274.57;269.73;310.21;310.21;350.21;282.89;296.49;312.91;181.08;47.89;340.97;317.68;-;413.35;359.66;339.65
Sep 28, 2022;Sep 29, 2022;386.20;334.20;377.06;386.20;386.20;392.86;379.51;297.94;385.71;196.90;66.48;420.31;387.07;-;392.86;385.83;388.72
Sep 29, 2022;Sep 30, 2022;417.14;371.62;397.07;405.64;417.14;464.85;405.64;330.61;421.77;229.41;164.10;431.27;420.28;-;464.85;430.63;425.25
Sep 30, 2022;Oct 1, 2022;315.49;297.98;278.35;314.10;315.49;346.97;295.48;276.70;349.22;184.25;192.92;370.06;354.24;-;398.99;360.73;370.63
Oct 1, 2022;Oct 2, 2022;82.82;124.48;102.36;82.84;82.82;123.46;123.55;86.07;189.10;142.06;54.69;242.60;139.72;-;252.66;220.13;248.07
Oct 2, 2022;Oct 3, 2022;114.75;147.01;182.74;114.78;114.78;196.27;189.59;166.87;131.23;76.39;99.05;219.75;125.67;-;208.98;149.89;136.06
Oct 3, 2022;Oct 4, 2022;209.35;232.45;276.44;209.35;209.35;287.71;325.54;219.81;219.41;103.34;195.58;282.80;227.59;-;354.80;258.94;242.73
Oct 4, 2022;Oct 5, 2022;246.31;231.40;219.37;217.67;242.02;296.60;232.59;194.38;277.37;156.86;161.24;298.47;248.87;-;353.30;304.09;312.27
Oct 5, 2022;Oct 6, 2022;103.19;126.59;143.12;48.90;49.15;221.83;139.90;50.49;189.92;129.21;29.74;215.17;175.07;-;292.74;268.22;258.73
Oct 6, 2022;Oct 7, 2022;100.80;120.03;185.64;21.40;21.83;255.95;103.24;22.11;202.34;101.81;4.28;235.35;166.35;-;254.39;244.11;218.20
Oct 7, 2022;Oct 8, 2022;163.89;131.08;167.42;27.28;29.99;271.94;147.52;27.84;186.93;132.37;7.72;267.96;174.90;-;273.20;215.03;212.13
Oct 8, 2022;Oct 9, 2022;145.34;125.51;140.66;48.34;46.56;215.21;151.35;48.80;187.90;131.73;7.46;240.81;161.81;-;293.61;234.16;203.50
Oct 9, 2022;Oct 10, 2022;146.72;127.43;156.43;118.20;118.20;168.46;151.78;89.20;160.04;99.10;11.47;176.71;152.14;-;208.26;169.13;175.90
Oct 10, 2022;Oct 11, 2022;162.09;153.74;180.41;151.50;140.34;208.06;175.07;129.73;194.31;101.16;10.83;221.56;178.18;-;283.28;228.44;198.90
Oct 11, 2022;Oct 12, 2022;259.87;215.34;259.18;241.35;241.44;269.77;256.06;165.10;265.49;149.04;9.03;251.74;260.50;-;284.81;294.45;297.21
Oct 12, 2022;Oct 13, 2022;282.54;250.52;278.85;281.61;282.54;287.46;254.63;192.75;282.35;200.66;127.94;283.10;283.79;-;290.96;289.12;286.06
Oct 13, 2022;Oct 14, 2022;257.46;228.37;258.43;257.46;257.46;259.90;252.20;222.75;259.55;147.63;89.17;252.47;255.07;-;273.93;269.81;274.56
Oct 14, 2022;Oct 15, 2022;260.65;236.22;255.45;260.65;260.65;260.47;251.59;209.87;261.03;172.52;150.90;258.05;257.19;-;267.06;262.48;260.48
Oct 15, 2022;Oct 16, 2022;156.63;147.52;156.05;155.78;155.78;159.17;155.86;154.43;175.54;148.00;32.28;168.27;161.61;-;214.50;184.66;193.07
Oct 16, 2022;Oct 17, 2022;95.86;99.24;113.07;93.59;65.47;125.32;106.09;107.05;132.53;106.12;17.94;123.72;100.79;-;184.48;146.76;141.13
Oct 17, 2022;Oct 18, 2022;152.61;152.19;159.99;150.14;152.61;174.30;151.61;140.95;170.53;145.18;79.49;182.17;167.08;-;218.16;192.24;188.65
Oct 18, 2022;Oct 19, 2022;183.18;167.65;171.55;167.03;183.18;191.12;166.12;158.81;195.46;154.85;68.15;196.24;191.66;-;217.83;223.94;211.85
Oct 19, 2022;Oct 20, 2022;168.45;153.16;146.26;168.45;168.45;159.01;129.46;153.91;168.08;137.28;119.42;164.05;170.44;-;176.32;173.83;172.63
Oct 20, 2022;Oct 21, 2022;140.22;140.54;120.08;138.44;138.64;142.56;125.59;136.56;161.97;148.49;117.76;150.52;165.33;-;201.94;182.76;180.71
Oct 21, 2022;Oct 22, 2022;163.45;156.32;149.67;163.45;163.45;158.13;148.37;150.90;169.08;146.59;124.15;168.83;176.90;-;198.37;188.44;185.04
Oct 22, 2022;Oct 23, 2022;139.87;136.27;123.59;139.87;139.87;129.81;132.89;137.61;145.83;163.86;103.50;136.07;146.07;-;145.55;145.66;148.78
Oct 23, 2022;Oct 24, 2022;95.75;94.90;91.10;95.75;95.75;87.37;95.06;98.54;103.21;114.54;63.38;97.41;101.83;-;106.02;110.44;106.41
Oct 24, 2022;Oct 25, 2022;80.62;95.08;69.09;80.06;80.62;87.51;77.91;81.92;135.81;137.25;71.70;91.90;132.17;-;140.18;171.82;189.01
Oct 25, 2022;Oct 26, 2022;105.40;107.95;99.49;103.24;104.08;110.06;98.79;104.87;123.97;137.40;72.35;101.43;131.73;-;131.57;144.54;147.93
Oct 26, 2022;Oct 27, 2022;121.40;117.76;96.25;121.08;121.40;110.87;93.92;116.93;128.33;139.09;108.43;123.76;135.29;-;128.43;159.11;153.61
Oct 27, 2022;Oct 28, 2022;124.69;120.47;119.78;123.88;124.69;121.67;122.45;113.64;129.48;147.90;65.01;115.89;140.83;-;161.06;174.42;169.86
Oct 28, 2022;Oct 29, 2022;105.52;105.82;101.03;104.45;104.26;108.53;101.68;99.79;117.31;135.47;64.30;108.85;118.34;-;134.51;132.46;136.49
Oct 29, 2022;Oct 30, 2022;101.06;90.86;96.91;100.56;84.50;98.56;97.93;98.61;103.25;103.15;14.35;99.78;101.83;-;100.10;103.34;103.34
Oct 30, 2022;Oct 31, 2022;116.54;110.94;116.56;116.54;116.54;116.62;116.54;113.81;116.64;115.77;78.24;96.60;116.49;-;112.12;117.23;116.37
Oct 31, 2022;Nov 1, 2022;145.22;142.73;143.89;145.22;145.22;144.24;144.32;139.79;146.58;137.60;138.87;138.86;145.44;-;145.11;147.64;145.78
Nov 1, 2022;Nov 2, 2022;68.85;89.27;70.47;68.74;68.85;90.42;70.42;70.32;118.36;109.76;60.25;138.16;116.21;-;108.73;132.15;130.18
Nov 2, 2022;Nov 3, 2022;71.97;94.95;72.84;69.87;69.87;117.11;73.41;69.86;145.06;128.04;55.68;121.26;121.48;-;122.98;202.04;204.54
Nov 3, 2022;Nov 4, 2022;103.01;105.37;102.38;84.93;89.81;121.39;99.19;84.45;140.70;124.42;50.46;129.75;131.62;-;133.67;151.64;165.23
Nov 4, 2022;Nov 5, 2022;178.54;146.74;181.23;103.68;160.03;186.16;178.79;70.22;178.04;132.57;56.80;186.07;180.52;-;192.99;183.36;181.68
Nov 5, 2022;Nov 6, 2022;132.29;114.67;137.50;86.45;86.38;141.10;135.81;46.44;138.38;130.67;79.50;144.93;134.22;-;142.07;139.27;139.30
Nov 6, 2022;Nov 7, 2022;51.09;77.53;88.63;35.44;32.41;107.69;83.61;34.89;129.06;102.98;32.36;119.45;86.38;-;128.34;121.51;121.52
Nov 7, 2022;Nov 8, 2022;76.10;91.20;82.69;53.44;54.11;124.89;93.83;42.77;116.86;124.57;38.96;158.03;113.04;-;186.43;225.53;228.53
Nov 8, 2022;Nov 9, 2022;95.15;100.39;96.36;52.94;56.30;113.98;89.96;49.94;156.78;133.86;49.03;159.87;145.28;-;163.86;160.52;163.95
Nov 9, 2022;Nov 10, 2022;126.72;120.74;119.31;79.55;105.87;138.90;118.73;41.42;186.00;142.54;33.20;178.86;183.79;-;209.82;203.31;204.10
Nov 10, 2022;Nov 11, 2022;137.25;127.26;134.68;66.34;77.84;157.32;130.13;26.53;205.16;153.82;37.46;192.19;218.43;-;261.59;238.59;242.27
Nov 11, 2022;Nov 12, 2022;125.38;96.57;107.47;1.98;3.37;138.47;112.47;1.93;207.36;119.94;1.95;192.51;174.79;-;212.85;204.29;205.03
Nov 12, 2022;Nov 13, 2022;162.25;132.38;153.16;141.23;141.23;153.22;161.96;2.31;179.78;162.94;1.95;185.29;173.07;-;180.26;179.66;181.90
Nov 13, 2022;Nov 14, 2022;144.88;134.87;147.26;144.62;144.62;148.26;146.84;29.21;168.91;156.84;68.83;170.27;157.97;-;169.75;165.23;166.59
Nov 14, 2022;Nov 15, 2022;160.80;163.56;186.16;148.78;148.99;195.20;173.33;52.38;204.09;168.32;135.45;205.69;180.74;-;213.86;204.42;206.06
Nov 15, 2022;Nov 16, 2022;177.29;156.57;179.92;76.41;140.76;184.31;177.13;52.12;237.98;189.16;51.04;225.28;208.14;-;252.95;253.07;255.24
Nov 16, 2022;Nov 17, 2022;143.76;132.00;157.46;26.66;26.74;175.17;165.84;26.74;248.32;171.66;26.74;249.74;176.99;-;260.75;263.03;271.82
Nov 17, 2022;Nov 18, 2022;99.90;132.21;143.92;46.95;46.95;159.19;149.57;47.19;254.63;172.58;47.66;248.29;137.40;-;256.54;252.73;246.13
Nov 18, 2022;Nov 19, 2022;171.03;177.35;212.07;109.94;111.42;239.34;189.69;108.40;243.07;184.68;108.36;244.84;199.07;-;262.70;244.95;239.81
Nov 19, 2022;Nov 20, 2022;198.62;199.22;206.53;191.78;191.78;211.79;200.19;159.33;208.08;193.19;186.08;238.14;204.56;-;222.05;211.29;209.11
Nov 20, 2022;Nov 21, 2022;210.28;202.80;210.71;209.75;209.75;211.08;210.45;154.71;209.57;183.53;209.44;212.69;209.05;-;212.52;215.69;207.43
Nov 21, 2022;Nov 22, 2022;253.82;238.78;239.19;253.82;253.82;244.99;220.46;199.09;252.71;196.78;252.80;261.18;251.74;-;252.21;258.97;248.63
Nov 22, 2022;Nov 23, 2022;203.88;199.08;208.21;170.40;172.63;209.91;206.35;166.16;216.74;198.92;172.63;255.28;212.64;-;251.89;223.88;217.25
Nov 23, 2022;Nov 24, 2022;177.98;183.83;181.71;149.80;149.02;186.85;178.98;143.50;222.12;213.85;149.02;241.90;205.40;-;250.18;233.97;228.26
Nov 24, 2022;Nov 25, 2022;237.46;236.60;232.85;237.01;237.01;237.14;228.94;165.91;257.42;245.82;237.01;276.56;246.90;-;307.67;255.47;265.25
Nov 25, 2022;Nov 26, 2022;257.93;255.20;258.30;256.96;256.96;261.02;248.30;193.46;269.48;239.89;256.46;300.12;266.19;-;290.93;267.77;270.07
Nov 26, 2022;Nov 27, 2022;239.17;234.95;239.81;238.76;237.36;240.18;239.21;190.24;239.43;232.93;236.20;251.02;239.34;-;260.84;239.48;239.48
Nov 27, 2022;Nov 28, 2022;146.65;168.73;178.21;140.98;138.12;172.89;206.26;141.34;171.23;189.40;138.01;212.65;166.93;-;214.75;173.35;176.40
Nov 28, 2022;Nov 29, 2022;291.64;256.41;316.48;189.91;188.57;318.85;324.05;189.02;302.06;197.74;188.57;308.63;296.63;-;333.11;303.60;301.23
Nov 29, 2022;Nov 30, 2022;371.64;351.19;372.21;360.29;360.29;373.24;368.54;349.31;371.73;206.09;358.62;371.01;371.77;-;374.43;371.62;371.98
Nov 30, 2022;Dec 1, 2022;393.70;373.92;394.63;393.70;390.88;396.44;393.39;352.87;395.63;218.20;390.08;393.43;393.84;-;396.44;394.10;393.33
Dec 1, 2022;Dec 2, 2022;394.36;371.51;387.93;394.36;393.27;390.99;360.39;340.49;393.13;240.06;392.47;399.07;394.46;-;391.16;390.00;396.68
Dec 2, 2022;Dec 3, 2022;339.20;342.39;370.44;333.24;332.43;384.86;341.13;317.36;379.77;223.58;332.43;395.33;355.67;-;385.19;382.23;406.40
Dec 3, 2022;Dec 4, 2022;281.92;280.79;303.16;262.02;262.02;307.83;300.07;262.02;295.39;229.19;262.02;313.57;291.36;-;312.51;298.08;300.66
Dec 4, 2022;Dec 5, 2022;268.51;272.26;317.47;263.67;264.01;307.19;306.39;263.57;276.15;152.60;264.01;307.81;271.96;-;307.19;279.49;275.03
Dec 5, 2022;Dec 6, 2022;341.26;322.55;376.24;307.19;305.80;373.20;351.26;282.28;343.79;195.17;305.80;381.25;326.12;-;370.84;344.37;339.25
Dec 6, 2022;Dec 7, 2022;386.44;368.51;403.65;386.44;384.72;418.44;348.74;336.01;390.25;225.86;382.96;407.36;369.18;-;409.63;402.23;398.41
Dec 7, 2022;Dec 8, 2022;324.83;344.93;406.65;324.83;338.39;429.58;339.85;319.58;365.82;188.41;338.39;406.69;336.08;-;386.29;373.13;372.51
Dec 8, 2022;Dec 9, 2022;387.53;375.55;414.20;387.47;388.23;417.36;368.73;377.83;389.68;213.32;387.41;400.55;386.31;-;367.57;403.95;384.81
Dec 9, 2022;Dec 10, 2022;411.04;399.39;438.09;410.60;408.94;448.18;413.97;397.56;415.38;231.82;407.64;420.30;400.75;-;422.82;416.10;406.99
Dec 10, 2022;Dec 11, 2022;354.64;345.32;364.38;354.64;354.64;370.20;355.66;344.41;352.31;230.44;351.72;371.78;348.29;-;369.67;382.87;336.63
Dec 11, 2022;Dec 12, 2022;326.77;313.09;331.74;326.77;326.77;333.04;328.27;320.02;314.97;174.41;326.56;360.53;300.90;-;330.32;332.05;300.18
Dec 12, 2022;Dec 13, 2022;433.93;408.35;461.11;433.93;433.93;465.49;427.60;421.62;423.59;180.65;417.87;453.51;372.55;-;435.93;422.62;398.92
Dec 13, 2022;Dec 14, 2022;444.48;422.12;467.15;444.36;444.36;463.46;434.49;433.95;447.33;198.61;439.18;428.61;441.86;-;452.43;449.54;437.50
Dec 14, 2022;Dec 15, 2022;443.88;421.90;447.97;443.72;443.74;451.45;437.94;431.26;445.58;211.16;443.74;440.75;443.58;-;450.33;445.97;444.44
Dec 15, 2022;Dec 16, 2022;396.96;383.31;409.13;396.96;397.54;404.20;386.26;382.06;399.84;227.44;397.54;417.56;397.85;-;399.22;401.04;398.00
Dec 16, 2022;Dec 17, 2022;411.31;392.90;410.03;410.60;412.71;410.65;401.62;397.95;410.43;218.38;412.35;426.08;411.15;-;410.65;408.62;414.04
Dec 17, 2022;Dec 18, 2022;268.97;264.34;283.07;242.64;260.08;281.63;268.33;242.45;271.51;234.61;259.83;299.74;263.88;-;284.46;272.34;262.26
Dec 18, 2022;Dec 19, 2022;189.76;207.17;234.46;189.76;177.88;230.52;234.61;196.75;205.74;176.63;177.88;267.16;187.48;-;247.36;216.05;188.21
Dec 19, 2022;Dec 20, 2022;191.93;200.61;197.36;191.93;188.35;200.28;194.63;201.60;211.13;151.77;188.45;277.56;203.62;-;235.94;210.11;207.80
Dec 20, 2022;Dec 21, 2022;185.82;200.57;204.48;185.82;184.73;200.96;199.63;195.44;221.17;167.84;184.73;258.21;203.28;-;272.77;213.46;214.37
Dec 21, 2022;Dec 22, 2022;214.60;217.95;218.66;214.56;214.60;217.47;222.73;212.75;228.94;188.10;213.84;248.82;217.01;-;258.15;225.37;227.53
Dec 22, 2022;Dec 23, 2022;192.64;196.96;197.12;192.03;187.96;194.70;204.79;193.63;209.22;180.14;187.45;221.43;198.11;-;240.38;204.87;206.01
Dec 23, 2022;Dec 24, 2022;185.89;180.40;177.47;185.87;169.08;171.26;184.34;185.94;183.98;174.11;168.67;198.28;185.37;-;204.50;183.39;184.67
Dec 24, 2022;Dec 25, 2022;111.87;120.55;113.81;113.15;113.15;113.11;115.36;136.01;112.69;139.64;113.13;143.78;112.28;-;142.06;112.86;113.13
Dec 25, 2022;Dec 26, 2022;106.01;107.41;109.23;106.01;106.01;107.97;121.61;123.64;106.46;112.40;96.48;90.33;101.42;-;166.17;106.47;106.38
Dec 26, 2022;Dec 27, 2022;40.53;60.92;76.29;40.98;37.91;74.76;77.84;106.72;50.69;61.31;36.21;65.26;42.20;-;172.31;51.93;47.31
Dec 27, 2022;Dec 28, 2022;91.73;106.66;119.48;91.73;78.55;122.79;126.25;135.02;98.46;104.04;78.08;126.88;91.94;-;209.48;99.83;95.33
Dec 28, 2022;Dec 29, 2022;45.90;73.27;51.05;57.87;60.71;51.54;71.09;116.42;81.48;104.52;70.27;77.36;63.68;-;175.79;83.16;86.60
Dec 29, 2022;Dec 30, 2022;13.58;44.55;33.22;13.61;19.23;31.53;65.44;92.10;38.16;92.84;26.25;44.11;33.63;-;205.41;45.50;51.75
Dec 30, 2022;Dec 31, 2022;14.63;33.88;16.77;14.63;16.90;18.48;16.38;95.24;30.61;94.65;17.77;26.04;25.19;-;179.51;35.09;54.81
Dec 31, 2022;Jan 1, 2023;-0.79;22.65;5.76;18.24;8.72;4.38;20.13;110.58;3.93;63.53;8.72;7.26;-2.05;-;224.32;10.44;39.08
Jan 1, 2023;Jan 2, 2023;14.91;26.51;13.71;16.54;18.41;14.91;18.14;106.98;16.69;45.02;18.23;6.57;16.38;-;193.14;16.86;17.75
Jan 2, 2023;Jan 3, 2023;123.82;125.55;125.65;124.13;123.43;124.58;131.08;141.86;126.36;131.38;123.26;104.97;124.37;-;202.24;124.96;124.82
Jan 3, 2023;Jan 4, 2023;145.95;144.06;145.95;145.95;132.76;146.05;145.86;147.07;147.28;140.40;132.76;154.01;146.63;-;174.74;147.74;149.42
Jan 4, 2023;Jan 5, 2023;58.94;102.84;88.60;58.94;73.40;97.74;99.89;109.08;142.75;131.51;73.40;137.24;118.68;-;171.61;153.22;184.18
Jan 5, 2023;Jan 6, 2023;107.46;123.27;120.09;107.46;112.21;126.68;118.96;134.51;132.33;110.75;111.94;140.68;140.40;-;182.80;136.68;139.39
Jan 6, 2023;Jan 7, 2023;117.47;118.60;124.14;116.85;106.93;121.48;129.62;117.71;128.03;100.90;105.97;131.54;121.43;-;174.22;126.38;128.23
Jan 7, 2023;Jan 8, 2023;88.81;102.21;85.20;88.81;81.69;85.46;86.35;95.02;148.33;123.98;75.77;147.16;106.57;-;188.61;141.59;174.39
Jan 8, 2023;Jan 9, 2023;68.94;77.84;67.66;68.94;46.73;68.20;68.71;71.16;112.33;91.82;38.59;133.06;89.00;-;164.28;99.32;101.52
Jan 9, 2023;Jan 10, 2023;129.29;132.18;126.10;129.20;124.69;126.41;129.06;125.13;142.17;151.55;122.25;142.59;134.80;-;157.87;138.48;140.28
Jan 10, 2023;Jan 11, 2023;123.13;134.21;128.01;123.05;121.05;128.08;130.27;123.01;134.91;172.81;117.46;162.51;135.14;-;166.58;138.68;143.02
Jan 11, 2023;Jan 12, 2023;84.08;102.14;86.25;83.00;62.16;87.90;87.21;90.56;138.41;136.50;62.04;174.64;114.89;-;182.03;137.32;144.02
Jan 12, 2023;Jan 13, 2023;70.74;100.08;79.28;74.64;58.36;81.17;85.52;83.68;168.12;119.77;58.36;173.11;118.92;-;178.73;164.76;174.59
Jan 13, 2023;Jan 14, 2023;66.64;99.38;77.99;66.70;68.32;78.81;80.71;77.17;162.92;121.75;68.32;169.22;121.28;-;195.37;147.23;162.02
Jan 14, 2023;Jan 15, 2023;29.34;83.12;56.88;34.54;55.32;55.93;94.45;88.54;119.36;92.36;55.32;161.24;100.34;-;161.66;122.31;144.89
Jan 15, 2023;Jan 16, 2023;9.26;60.44;37.72;11.07;17.92;34.88;78.18;66.11;83.13;68.55;17.92;156.74;92.64;-;146.95;84.52;97.93
Jan 16, 2023;Jan 17, 2023;128.75;125.82;136.29;128.75;92.02;134.70;133.26;130.54;134.67;130.45;79.70;153.44;130.19;-;161.38;137.08;131.67
Jan 17, 2023;Jan 18, 2023;133.57;133.20;184.55;125.61;62.01;178.67;136.39;125.24;143.81;135.90;62.01;174.76;136.22;-;179.96;144.37;141.41
Jan 18, 2023;Jan 19, 2023;143.76;138.02;149.98;132.95;114.51;157.11;131.80;128.73;149.49;149.33;95.18;168.34;140.77;-;161.79;151.58;141.48
Jan 19, 2023;Jan 20, 2023;148.21;155.82;187.15;145.61;133.72;184.69;145.99;139.39;155.95;170.05;133.72;170.69;147.07;-;184.81;174.24;151.76
Jan 20, 2023;Jan 21, 2023;180.66;177.16;184.26;180.66;180.66;186.75;177.81;150.93;179.20;176.72;170.37;186.82;174.60;-;189.59;186.99;173.78
Jan 21, 2023;Jan 22, 2023;144.39;142.27;154.61;144.39;141.64;155.73;149.04;140.17;143.50;112.54;127.76;159.91;135.68;-;168.63;166.41;128.23
Jan 22, 2023;Jan 23, 2023;151.15;149.33;171.05;149.34;123.98;167.59;151.27;141.37;156.40;138.62;123.75;173.42;145.83;-;185.41;168.75;138.92
Jan 23, 2023;Jan 24, 2023;202.73;198.89;204.87;202.46;202.46;204.93;201.90;184.15;202.82;183.68;188.64;208.91;203.02;-;207.61;200.52;205.43
Jan 24, 2023;Jan 25, 2023;202.69;195.62;205.25;198.13;198.13;204.50;199.73;172.43;202.84;186.96;175.64;205.14;203.11;-;205.60;201.16;206.34
Jan 25, 2023;Jan 26, 2023;181.74;159.43;185.56;134.80;128.11;186.30;175.41;128.52;182.47;177.91;86.80;185.61;182.28;-;187.12;183.59;184.18
Jan 26, 2023;Jan 27, 2023;167.67;156.05;172.55;147.99;135.20;171.32;147.99;122.99;169.44;171.51;133.31;175.64;168.58;-;174.63;169.77;169.73
Jan 27, 2023;Jan 28, 2023;168.76;165.38;172.68;166.69;160.14;171.10;165.63;142.96;168.91;168.75;157.19;176.38;168.75;-;172.55;168.50;169.73
Jan 28, 2023;Jan 29, 2023;144.70;126.51;148.08;117.76;87.13;146.71;139.76;108.59;145.83;146.89;48.34;156.66;145.85;-;163.89;144.85;147.40
Jan 29, 2023;Jan 30, 2023;123.59;109.23;145.10;95.53;30.39;144.60;127.54;95.06;139.59;111.86;30.39;151.81;129.65;-;157.03;141.56;148.47
Jan 30, 2023;Jan 31, 2023;74.21;105.42;136.82;71.87;22.97;162.13;103.28;83.57;157.39;97.63;22.97;163.42;137.59;-;179.49;172.70;192.59
Jan 31, 2023;Feb 1, 2023;117.32;123.64;149.55;96.45;76.19;159.91;135.47;97.50;146.08;109.71;76.19;168.71;144.28;-;164.85;150.15;151.90
Feb 1, 2023;Feb 2, 2023;93.08;121.29;146.97;92.66;92.48;150.87;109.22;95.30;141.67;102.64;92.48;161.87;147.98;-;163.68;147.19;155.11
Feb 2, 2023;Feb 3, 2023;136.15;142.59;148.97;136.15;135.31;155.59;139.25;134.18;150.69;127.19;134.71;162.95;143.53;-;179.75;151.98;152.26
Feb 3, 2023;Feb 4, 2023;102.61;127.31;143.44;101.91;101.82;140.58;138.41;103.09;141.78;137.61;100.77;162.20;128.82;-;169.61;145.63;149.65
Feb 4, 2023;Feb 5, 2023;146.01;142.76;152.11;143.95;139.66;152.99;151.39;126.41;147.01;131.70;130.83;150.33;143.94;-;155.65;146.65;145.34
Feb 5, 2023;Feb 6, 2023;131.37;124.18;133.77;112.69;111.21;133.11;130.84;111.47;130.62;131.54;104.14;138.03;128.55;-;151.10;126.95;128.94
Feb 6, 2023;Feb 7, 2023;172.96;168.76;170.63;172.66;172.66;171.48;166.98;146.46;172.45;173.05;160.09;177.16;172.72;-;177.24;173.46;172.46
Feb 7, 2023;Feb 8, 2023;172.92;168.50;174.24;170.53;171.86;175.17;170.53;119.74;174.72;179.07;165.04;177.57;175.06;-;178.39;174.57;176.81
Feb 8, 2023;Feb 9, 2023;152.10;145.78;161.95;133.43;121.73;164.75;154.26;108.06;161.98;165.43;101.68;172.01;158.30;-;170.35;161.82;162.54
Feb 9, 2023;Feb 10, 2023;132.54;117.45;152.82;87.85;21.73;179.69;142.74;89.28;154.11;141.10;21.73;162.57;138.31;-;180.46;155.15;156.55
Feb 10, 2023;Feb 11, 2023;125.92;119.45;149.31;93.39;51.94;158.71;133.13;89.33;154.58;132.55;47.91;161.43;141.73;-;168.82;159.17;162.97
Feb 11, 2023;Feb 12, 2023;106.27;116.89;152.16;85.99;57.95;149.16;137.67;86.94;149.20;114.13;57.61;155.19;139.78;-;170.59;146.49;144.87
Feb 12, 2023;Feb 13, 2023;136.31;121.91;143.90;122.04;94.07;143.02;142.24;102.87;140.17;136.67;31.12;145.72;139.20;-;150.76;140.76;139.85
Feb 13, 2023;Feb 14, 2023;163.50;141.07;161.55;150.31;106.54;163.40;158.16;106.71;164.84;146.94;66.08;163.72;163.47;-;168.78;166.04;169.70
Feb 14, 2023;Feb 15, 2023;154.49;152.72;154.15;154.49;154.49;155.94;152.14;129.91;157.61;162.46;139.85;162.47;156.37;-;161.23;158.65;160.48
Feb 15, 2023;Feb 16, 2023;143.52;143.89;146.16;139.09;139.09;149.11;137.66;112.66;157.61;164.14;128.35;155.87;153.07;-;165.87;162.35;165.39
Feb 16, 2023;Feb 17, 2023;136.73;136.92;143.28;130.23;120.91;148.74;133.76;110.91;153.82;148.11;110.21;157.18;149.01;-;164.14;162.74;168.01
Feb 17, 2023;Feb 18, 2023;81.15;108.45;121.80;75.33;49.64;130.92;105.12;84.28;148.11;136.27;47.67;153.38;140.47;-;165.80;163.42;172.96
Feb 18, 2023;Feb 19, 2023;94.67;93.75;106.71;86.22;34.73;112.57;101.37;88.96;117.63;97.35;34.73;138.98;111.95;-;139.83;113.67;113.28
Feb 19, 2023;Feb 20, 2023;114.05;104.42;119.47;99.13;63.30;121.01;117.02;98.00;117.07;105.19;63.07;131.44;113.90;-;137.29;115.84;114.87
Feb 20, 2023;Feb 21, 2023;61.42;93.34;111.98;58.80;45.03;134.22;97.34;70.63;117.85;97.18;45.03;142.49;106.15;-;160.01;120.81;116.63
Feb 21, 2023;Feb 22, 2023;122.45;124.87;144.67;111.53;106.64;153.87;137.84;97.37;135.79;114.15;103.58;148.42;119.67;-;162.14;129.98;123.50
Feb 22, 2023;Feb 23, 2023;148.65;141.69;147.74;148.18;129.69;149.83;144.80;108.18;149.58;153.10;127.81;150.32;149.38;-;162.66;149.94;150.33
Feb 23, 2023;Feb 24, 2023;146.12;133.33;147.98;125.73;104.99;149.11;141.62;105.81;148.37;148.97;99.70;146.84;147.56;-;156.81;148.71;149.02
Feb 24, 2023;Feb 25, 2023;118.30;119.49;142.40;93.24;74.39;148.20;127.21;94.71;134.61;145.19;74.39;145.25;134.79;-;164.54;136.78;136.03
Feb 25, 2023;Feb 26, 2023;89.29;95.84;124.37;79.87;30.50;142.17;106.79;89.23;107.83;117.10;30.50;140.65;85.28;-;148.54;101.13;91.48
Feb 26, 2023;Feb 27, 2023;109.82;108.13;114.40;109.46;87.19;115.54;113.25;102.29;114.40;116.93;79.14;127.96;108.84;-;127.46;110.22;110.83
Feb 27, 2023;Feb 28, 2023;152.27;146.38;150.67;145.69;151.37;154.89;140.61;113.85;152.15;153.09;142.48;153.77;151.59;-;173.60;151.92;151.96
Feb 28, 2023;Mar 1, 2023;148.05;145.77;150.73;147.24;147.24;160.77;144.47;113.16;152.58;150.97;128.19;159.84;148.26;-;164.13;154.70;152.10
Mar 1, 2023;Mar 2, 2023;142.97;143.18;144.50;142.20;142.20;152.81;137.30;119.22;151.90;152.27;129.57;155.00;147.95;-;168.92;154.26;153.42
Mar 2, 2023;Mar 3, 2023;144.31;143.20;142.06;142.54;142.54;166.06;134.77;109.20;152.74;157.19;121.82;155.51;150.80;-;168.27;161.35;157.82
Mar 3, 2023;Mar 4, 2023;136.76;129.12;146.88;118.49;98.33;162.02;134.70;104.20;148.62;137.12;74.87;154.66;140.49;-;166.65;151.28;147.32
Mar 4, 2023;Mar 5, 2023;107.47;113.33;134.65;105.28;79.08;142.25;123.51;101.39;123.14;104.90;76.70;143.51;112.24;-;144.49;122.48;119.80
Mar 5, 2023;Mar 6, 2023;121.79;126.30;139.05;120.21;120.18;146.08;122.45;117.26;125.99;119.26;118.42;138.03;122.39;-;145.32;127.04;124.70
Mar 6, 2023;Mar 7, 2023;150.67;150.33;152.06;150.23;150.61;160.06;141.25;138.16;152.89;149.52;150.39;157.43;151.07;-;159.66;152.61;152.81
Mar 7, 2023;Mar 8, 2023;106.87;121.73;134.21;101.50;97.96;152.41;123.17;104.21;137.24;122.62;99.22;148.06;118.40;-;154.68;138.06;136.39
Mar 8, 2023;Mar 9, 2023;138.89;137.77;139.67;138.85;132.41;139.97;139.15;134.71;139.39;138.92;132.12;141.28;138.99;-;140.70;139.23;139.73
Mar 9, 2023;Mar 10, 2023;127.20;128.68;127.13;127.20;127.93;127.20;127.08;123.17;128.49;139.58;127.93;130.92;128.89;-;143.03;128.18;131.38
Mar 10, 2023;Mar 11, 2023;115.61;118.93;119.37;115.61;115.51;119.84;116.10;113.04;117.76;136.95;115.51;122.21;116.32;-;129.84;117.34;119.13
Mar 11, 2023;Mar 12, 2023;98.60;106.50;122.30;92.03;91.45;122.27;113.32;97.88;104.57;109.74;91.45;130.13;96.34;-;132.92;102.57;99.01
Mar 12, 2023;Mar 13, 2023;95.53;93.72;95.58;92.83;79.30;95.76;95.44;94.57;98.12;93.48;76.40;111.36;98.11;-;122.82;97.57;97.36
Mar 13, 2023;Mar 14, 2023;37.14;69.70;40.41;36.85;40.75;44.04;42.37;83.82;100.96;112.80;40.75;123.99;99.99;-;148.57;101.52;108.82
Mar 14, 2023;Mar 15, 2023;71.48;83.65;81.92;62.50;56.92;80.98;81.50;90.32;92.42;96.14;56.92;132.46;88.08;-;147.12;90.14;89.86
Mar 15, 2023;Mar 16, 2023;127.72;120.53;143.58;108.22;86.09;144.86;131.76;106.91;129.97;125.78;86.09;135.34;127.20;-;152.64;134.85;127.35
Mar 16, 2023;Mar 17, 2023;105.57;106.09;107.69;100.52;88.87;107.28;104.71;99.46;109.61;128.96;88.76;122.56;108.54;-;147.86;110.46;111.95
Mar 17, 2023;Mar 18, 2023;92.35;87.55;105.08;85.57;38.13;101.52;108.68;91.08;95.01;103.05;29.75;111.17;94.05;-;135.23;100.54;93.11
Mar 18, 2023;Mar 19, 2023;109.34;99.35;110.39;109.34;98.04;109.90;110.92;95.51;109.39;109.58;30.49;99.94;109.33;-;133.92;109.35;109.25
Mar 19, 2023;Mar 20, 2023;111.99;106.48;112.04;111.99;111.99;111.65;112.07;96.14;111.86;113.15;65.69;112.83;111.87;-;123.74;111.81;111.79
Mar 20, 2023;Mar 21, 2023;125.17;120.22;125.19;122.70;117.30;125.23;125.17;101.97;125.65;131.95;96.98;124.74;125.55;-;137.41;125.83;126.10
Mar 21, 2023;Mar 22, 2023;115.05;113.45;116.50;108.86;104.03;116.53;113.81;97.44;120.28;135.62;95.75;120.62;118.51;-;133.89;121.12;122.80
Mar 22, 2023;Mar 23, 2023;80.18;86.22;90.08;71.13;43.97;89.03;88.70;81.44;107.06;117.68;43.97;110.50;104.86;-;132.83;107.78;109.57
Mar 23, 2023;Mar 24, 2023;74.71;81.04;79.49;66.47;40.66;81.42;74.62;75.78;103.72;110.72;34.61;111.04;112.97;-;143.33;105.61;110.11
Mar 24, 2023;Mar 25, 2023;53.12;69.30;56.02;50.95;40.11;56.91;49.50;74.17;88.27;107.13;40.11;111.96;87.13;-;131.79;85.56;87.85
Mar 25, 2023;Mar 26, 2023;14.67;41.80;19.47;18.06;28.86;26.14;23.49;64.65;29.91;107.40;28.32;81.15;32.31;-;101.75;28.72;30.23
Mar 26, 2023;Mar 27, 2023;70.62;72.33;79.80;69.93;52.64;71.82;81.47;81.33;74.19;72.30;49.23;95.44;67.46;-;111.64;67.63;66.83
Mar 27, 2023;Mar 28, 2023;92.32;96.79;124.04;89.52;74.07;118.69;81.09;89.50;99.11;114.10;66.90;112.61;95.05;-;147.58;98.29;96.75
Mar 28, 2023;Mar 29, 2023;113.15;110.84;126.06;112.79;93.43;124.34;114.14;108.91;113.00;110.01;85.17;123.81;107.59;-;132.57;109.24;107.48
Mar 29, 2023;Mar 30, 2023;116.54;116.79;115.74;116.06;115.89;115.14;116.18;112.80;116.84;124.88;114.80;119.46;116.91;-;140.59;116.79;117.21
Mar 30, 2023;Mar 31, 2023;81.44;93.68;81.71;81.20;83.96;82.68;81.19;92.02;104.31;121.60;83.96;112.42;105.48;-;157.38;104.37;106.51
Mar 31, 2023;Apr 1, 2023;97.59;95.10;83.51;96.73;84.75;74.16;90.73;98.69;100.49;127.21;81.75;108.88;99.17;-;132.81;101.12;99.97
Apr 1, 2023;Apr 2, 2023;55.77;67.84;61.80;55.77;42.13;59.24;75.69;86.05;56.78;122.26;42.13;88.87;55.57;-;110.09;58.07;61.10
Apr 2, 2023;Apr 3, 2023;67.33;71.94;72.06;67.33;61.30;70.88;61.54;92.32;68.18;81.17;51.81;97.14;67.65;-;136.80;68.25;67.87
Apr 3, 2023;Apr 4, 2023;114.80;115.85;123.68;114.80;114.80;123.47;114.79;111.91;110.33;120.68;101.87;127.33;110.67;-;142.50;113.16;111.55
Apr 4, 2023;Apr 5, 2023;132.07;130.33;135.22;132.07;132.07;135.12;132.43;117.96;128.74;133.08;121.11;136.46;129.40;-;149.80;130.43;129.86
Apr 5, 2023;Apr 6, 2023;140.97;137.94;141.77;140.91;140.91;142.58;140.22;116.03;139.94;143.45;127.97;142.81;140.70;-;172.03;138.92;141.57
Apr 6, 2023;Apr 7, 2023;124.28;122.50;130.02;119.41;118.62;130.37;128.53;111.06;125.53;133.60;96.01;130.23;124.12;-;154.07;127.71;128.32
Apr 7, 2023;Apr 8, 2023;108.63;112.13;128.41;107.88;103.03;122.94;126.44;102.78;117.84;133.78;56.36;119.29;114.63;-;148.86;118.71;118.88
Apr 8, 2023;Apr 9, 2023;116.89;109.35;116.39;114.95;94.04;116.59;112.48;105.69;117.01;130.08;53.73;124.34;117.52;-;132.18;119.94;118.78
Apr 9, 2023;Apr 10, 2023;105.05;99.80;105.05;105.05;105.05;105.05;105.05;97.02;105.05;113.67;51.99;99.75;105.05;-;161.52;105.05;105.05
Apr 10, 2023;Apr 11, 2023;39.97;58.12;53.16;40.07;41.93;54.31;49.26;51.39;65.17;108.26;29.05;65.53;81.19;-;101.77;67.60;71.57
Apr 11, 2023;Apr 12, 2023;59.99;83.37;78.82;59.99;62.74;90.61;58.72;69.98;107.20;124.38;40.06;125.18;99.39;-;135.00;102.03;96.66
Apr 12, 2023;Apr 13, 2023;107.69;102.44;101.78;99.32;88.73;105.55;99.93;97.03;110.97;142.33;39.14;131.13;110.93;-;153.99;111.12;112.33
Apr 13, 2023;Apr 14, 2023;108.41;103.34;111.17;94.57;85.78;116.85;76.85;92.90;120.23;146.84;28.71;138.60;124.25;-;145.74;123.00;124.38
Apr 14, 2023;Apr 15, 2023;128.80;119.77;130.39;128.80;127.23;129.71;126.26;103.74;127.56;135.07;46.73;134.56;127.44;-;149.84;126.46;128.78
Apr 15, 2023;Apr 16, 2023;106.80;96.76;105.74;105.84;53.05;106.30;98.08;97.84;107.57;121.47;41.60;120.18;106.69;-;132.23;107.03;106.99
Apr 16, 2023;Apr 17, 2023;110.10;105.42;110.11;110.10;97.34;110.12;110.10;100.89;110.11;117.38;72.34;111.03;110.06;-;127.51;110.29;109.97
Apr 17, 2023;Apr 18, 2023;124.24;122.07;124.15;123.97;123.97;124.24;123.86;110.10;122.14;138.15;105.29;127.86;119.07;-;144.48;118.37;117.71
Apr 18, 2023;Apr 19, 2023;108.23;108.68;110.70;103.05;92.61;111.26;108.08;100.77;111.74;130.49;85.30;124.94;116.51;-;145.00;113.79;114.71
Apr 19, 2023;Apr 20, 2023;87.52;90.83;82.83;83.62;52.82;109.53;52.41;94.99;102.87;127.77;56.53;123.15;112.60;-;143.22;120.71;124.30
Apr 20, 2023;Apr 21, 2023;111.71;101.01;112.97;87.55;51.61;113.26;111.93;96.23;111.02;129.93;51.61;133.67;111.36;-;149.80;113.67;119.30
Apr 21, 2023;Apr 22, 2023;89.47;102.37;115.01;89.11;75.27;118.84;101.18;93.02;99.99;124.73;73.87;128.87;106.17;-;144.02;107.05;104.73
Apr 22, 2023;Apr 23, 2023;84.47;85.65;96.21;80.47;62.23;92.69;92.46;84.05;86.42;116.02;35.51;110.41;85.68;-;120.97;87.46;88.47
Apr 23, 2023;Apr 24, 2023;85.80;80.87;84.53;85.79;71.02;82.76;86.23;84.07;85.49;88.29;48.69;87.13;85.59;-;122.61;85.63;85.21
Apr 24, 2023;Apr 25, 2023;104.60;104.06;106.89;103.22;89.75;106.02;104.09;99.90;105.66;126.30;84.12;113.36;105.32;-;116.31;105.58;106.13
Apr 25, 2023;Apr 26, 2023;101.00;91.85;116.73;73.63;41.07;111.39;90.97;89.73;104.00;124.93;41.07;113.44;103.43;-;109.94;104.55;104.88
Apr 26, 2023;Apr 27, 2023;110.72;99.86;121.64;81.34;56.45;117.85;111.04;97.55;110.66;112.48;57.07;121.08;111.27;-;125.10;111.67;111.53
Apr 27, 2023;Apr 28, 2023;112.09;108.34;107.64;107.71;105.41;107.70;94.99;105.36;110.36;119.50;105.64;115.50;111.92;-;129.73;108.93;112.88
Apr 28, 2023;Apr 29, 2023;106.00;106.97;105.24;105.99;104.80;104.73;105.85;103.49;106.00;121.62;101.61;110.86;106.50;-;133.71;104.90;108.20
Apr 29, 2023;Apr 30, 2023;100.65;95.85;100.68;97.55;68.08;100.44;100.47;95.79;100.60;122.38;67.86;99.81;100.66;-;115.42;100.67;100.66
Apr 30, 2023;May 1, 2023;68.29;66.76;75.22;68.29;45.69;70.52;58.76;84.36;68.93;72.60;39.91;81.24;68.88;-;112.35;69.24;68.97
May 1, 2023;May 2, 2023;87.55;82.07;83.89;87.03;76.06;79.58;89.94;90.53;83.04;82.49;51.14;96.10;83.01;-;112.64;82.03;81.71
May 2, 2023;May 3, 2023;106.10;103.69;106.11;105.85;96.56;106.13;106.10;103.07;106.26;106.54;95.25;102.28;106.42;-;125.11;106.29;106.32
May 3, 2023;May 4, 2023;107.80;99.29;97.22;107.15;87.54;93.28;98.85;100.48;104.79;109.33;83.64;103.71;106.15;-;124.38;104.67;105.67
May 4, 2023;May 5, 2023;97.50;97.42;92.10;97.10;96.81;87.35;95.55;95.10;96.78;115.68;96.07;96.98;102.09;-;119.26;105.20;104.11
May 5, 2023;May 6, 2023;96.05;88.18;99.01;60.86;60.86;97.73;95.68;82.64;96.25;103.29;82.45;94.82;96.36;-;119.35;97.36;96.95
May 6, 2023;May 7, 2023;89.52;85.04;89.44;79.41;72.07;89.22;89.64;80.66;89.51;98.74;72.07;85.12;89.56;-;105.11;89.54;89.57
May 7, 2023;May 8, 2023;66.98;71.90;87.13;65.86;52.06;79.04;86.20;75.83;69.92;79.16;53.15;72.87;69.64;-;91.18;71.25;71.32
May 8, 2023;May 9, 2023;96.37;90.70;98.04;87.41;68.68;95.83;99.70;87.88;95.58;105.71;68.68;93.00;97.22;-;132.22;99.00;98.69
May 9, 2023;May 10, 2023;94.64;82.49;104.24;83.39;20.12;100.44;104.10;83.69;96.13;100.07;20.12;98.18;96.94;-;133.83;99.50;99.87
May 10, 2023;May 11, 2023;107.89;82.24;103.52;89.79;10.26;100.49;106.69;80.62;105.05;88.20;7.92;103.70;108.39;-;125.80;114.23;118.05
May 11, 2023;May 12, 2023;116.14;102.26;112.04;116.14;81.27;111.56;109.99;87.74;112.62;104.62;60.84;113.05;115.00;-;120.87;118.06;123.95
May 12, 2023;May 13, 2023;100.51;95.11;99.86;98.53;84.03;96.72;98.04;79.69;102.93;95.75;84.00;101.37;105.28;-;112.82;104.46;105.18
May 13, 2023;May 14, 2023;78.35;77.63;79.27;76.70;76.22;75.27;65.58;63.68;78.82;94.53;76.20;88.88;78.80;-;108.18;79.19;79.54
May 14, 2023;May 15, 2023;72.00;70.03;65.84;71.94;71.81;59.36;71.10;62.65;70.24;78.60;71.49;75.84;71.50;-;93.11;69.97;70.88
May 15, 2023;May 16, 2023;113.84;106.87;97.62;113.49;113.50;89.58;106.38;82.54;113.06;129.35;112.62;102.37;115.09;-;111.49;114.10;118.98
May 16, 2023;May 17, 2023;79.30;78.61;80.91;56.22;55.23;80.19;77.84;55.64;87.95;119.77;55.23;101.10;94.67;-;106.37;93.39;99.01
May 17, 2023;May 18, 2023;78.58;70.84;84.26;47.03;27.57;81.51;75.04;45.04;80.26;119.64;27.57;99.26;92.00;-;115.36;91.53;96.34
May 18, 2023;May 19, 2023;86.73;87.08;82.97;86.44;86.30;80.56;86.39;75.36;83.24;124.74;85.78;78.07;88.01;-;109.92;91.65;109.31
May 19, 2023;May 20, 2023;87.28;89.86;82.41;87.28;87.28;79.57;86.29;79.62;86.32;133.41;87.17;91.19;87.91;-;116.60;90.00;90.07
May 20, 2023;May 21, 2023;46.81;55.68;48.01;46.81;46.45;46.88;45.64;45.72;46.96;114.79;46.45;77.84;46.92;-;104.99;46.95;46.91
May 21, 2023;May 22, 2023;28.46;34.06;30.68;28.01;31.01;29.95;23.49;30.16;29.70;66.36;31.01;44.78;29.50;-;59.54;30.08;30.36
May 22, 2023;May 23, 2023;97.33;90.48;89.46;86.73;86.29;85.52;88.48;71.80;95.65;116.18;86.29;91.40;97.45;-;104.81;96.51;97.67
May 23, 2023;May 24, 2023;72.79;76.96;77.15;58.20;68.50;73.07;62.92;53.62;81.13;124.62;68.50;87.41;91.47;-;108.28;92.83;95.02
May 24, 2023;May 25, 2023;102.27;96.37;89.08;92.29;98.47;83.20;95.04;69.80;98.09;137.41;98.47;96.49;101.75;-;108.19;99.61;101.93
May 25, 2023;May 26, 2023;81.65;74.73;75.23;50.71;55.83;71.84;72.79;48.87;84.00;129.11;55.83;88.83;88.99;-;101.50;85.05;86.87
May 26, 2023;May 27, 2023;69.98;67.43;66.58;59.25;52.82;63.47;60.62;51.84;70.42;109.10;52.72;82.22;72.65;-;92.59;71.34;73.07
May 27, 2023;May 28, 2023;62.67;62.54;60.55;62.67;62.84;59.25;51.63;52.17;60.09;95.01;62.04;59.70;62.00;-;71.53;62.61;64.25
May 28, 2023;May 29, 2023;26.55;36.43;39.95;26.10;42.49;39.97;5.33;38.89;34.24;61.68;40.90;36.35;34.88;-;63.34;40.34;42.17
May 29, 2023;May 30, 2023;21.45;37.09;19.67;20.68;38.02;28.83;11.32;34.89;27.88;112.37;29.39;43.66;41.27;-;85.72;47.91;49.47
May 30, 2023;May 31, 2023;87.74;84.61;79.08;87.55;87.55;74.92;84.42;71.47;85.46;106.64;86.32;79.24;88.03;-;94.34;90.64;91.77
May 31, 2023;Jun 1, 2023;72.32;69.89;64.30;56.34;56.23;63.63;65.56;51.57;79.43;114.46;56.23;75.73;85.28;-;92.93;85.74;88.92
Jun 1, 2023;Jun 2, 2023;72.90;70.72;72.12;65.84;65.84;71.30;70.68;55.25;73.46;92.72;65.84;70.19;74.64;-;94.88;76.20;76.19
Jun 2, 2023;Jun 3, 2023;81.02;77.60;75.18;81.02;80.73;72.79;78.91;67.41;79.29;85.85;80.05;72.07;80.27;-;81.09;79.09;79.92
Jun 3, 2023;Jun 4, 2023;56.37;57.26;53.57;56.37;57.06;52.01;55.30;52.66;55.90;80.55;56.06;53.91;56.48;-;73.67;56.04;56.66
Jun 4, 2023;Jun 5, 2023;49.67;50.18;48.71;49.67;53.56;48.54;44.54;51.90;50.85;61.29;52.93;39.43;50.57;-;59.44;51.22;52.72
Jun 5, 2023;Jun 6, 2023;90.76;87.76;83.60;90.53;90.53;81.75;81.08;74.35;88.44;111.88;89.94;83.13;90.16;-;96.02;88.54;89.59
Jun 6, 2023;Jun 7, 2023;98.14;91.53;85.04;97.41;97.41;82.71;81.24;76.05;92.65;114.64;96.45;87.32;95.87;-;90.27;93.11;94.99
Jun 7, 2023;Jun 8, 2023;100.93;95.61;89.32;100.93;100.93;86.73;88.43;81.64;98.02;112.31;100.20;93.46;99.78;-;94.26;97.87;99.25
Jun 8, 2023;Jun 9, 2023;84.52;82.95;82.51;84.52;84.52;81.50;82.57;75.48;83.94;88.53;84.28;80.37;84.29;-;90.18;83.87;84.17
Jun 9, 2023;Jun 10, 2023;86.68;81.45;86.17;86.54;61.24;85.31;86.34;75.65;86.47;96.64;60.08;84.94;86.62;-;92.00;86.43;86.56
Jun 10, 2023;Jun 11, 2023;55.13;53.25;67.90;50.13;23.07;63.08;52.58;53.91;59.19;74.49;24.60;59.94;56.82;-;97.39;59.40;60.14
Jun 11, 2023;Jun 12, 2023;40.75;43.75;55.02;36.75;37.62;49.68;47.20;39.90;43.60;46.87;37.12;44.86;42.69;-;93.01;44.20;44.02
Jun 12, 2023;Jun 13, 2023;96.40;95.71;101.39;94.18;94.76;99.04;93.43;76.30;97.48;105.77;94.60;98.89;97.00;-;101.95;97.08;97.25
Jun 13, 2023;Jun 14, 2023;90.03;95.11;92.11;90.03;90.03;92.72;86.67;85.05;94.51;135.64;89.94;96.31;93.21;-;105.91;95.21;95.32
Jun 14, 2023;Jun 15, 2023;102.94;102.31;100.23;102.94;102.94;99.44;100.55;90.46;104.16;117.61;102.93;98.77;105.42;-;108.05;104.67;106.54
Jun 15, 2023;Jun 16, 2023;120.31;116.68;114.74;120.31;120.31;112.30;116.28;101.49;117.59;128.83;120.12;112.33;119.17;-;112.38;115.87;118.55
Jun 16, 2023;Jun 17, 2023;127.52;126.03;127.65;127.52;127.52;127.05;127.03;107.26;126.80;140.15;127.40;120.45;127.47;-;128.22;126.38;128.05
Jun 17, 2023;Jun 18, 2023;104.54;105.31;104.15;104.54;104.54;103.92;104.49;93.05;104.44;131.60;104.52;98.66;104.53;-;106.22;104.35;104.57
Jun 18, 2023;Jun 19, 2023;93.02;94.40;90.77;93.03;93.03;89.46;92.86;89.35;92.47;120.89;91.79;91.89;92.82;-;103.09;92.60;92.90
Jun 19, 2023;Jun 20, 2023;116.97;117.61;115.02;116.94;116.95;113.18;116.73;99.98;116.00;145.96;116.11;119.59;117.31;-;124.87;113.51;119.70
Jun 20, 2023;Jun 21, 2023;121.15;122.48;120.85;121.15;121.15;119.98;119.91;112.92;120.83;147.38;120.52;121.17;121.41;-;120.30;119.19;123.31
Jun 21, 2023;Jun 22, 2023;123.47;125.40;124.62;122.59;123.04;123.40;121.53;112.68;123.62;160.32;118.24;125.61;123.73;-;127.73;122.87;124.70
Jun 22, 2023;Jun 23, 2023;125.71;126.45;125.34;125.50;125.50;124.49;125.26;111.15;125.22;169.35;106.39;126.48;126.29;-;129.14;124.19;127.84
Jun 23, 2023;Jun 24, 2023;106.41;109.36;106.51;104.56;104.56;106.98;106.23;97.16;110.04;145.63;102.53;107.42;111.30;-;121.25;111.26;115.35
Jun 24, 2023;Jun 25, 2023;81.82;83.02;79.20;81.82;81.82;76.82;81.33;77.28;80.62;133.69;52.77;86.44;81.43;-;113.06;80.51;81.17
Jun 25, 2023;Jun 26, 2023;75.48;74.24;68.19;75.48;75.85;62.95;74.76;67.55;73.66;114.91;57.03;71.24;75.02;-;99.39;73.18;74.40
Jun 26, 2023;Jun 27, 2023;97.49;98.87;94.90;86.57;89.69;90.31;91.43;83.65;100.82;160.37;89.69;92.25;107.92;-;116.43;108.09;112.03
Jun 27, 2023;Jun 28, 2023;101.95;97.48;105.01;75.57;84.25;103.75;101.98;82.14;104.11;122.64;84.25;104.59;104.03;-;119.45;105.12;106.15
Jun 28, 2023;Jun 29, 2023;112.52;110.21;108.96;112.30;109.58;106.34;112.21;93.23;111.60;127.53;109.46;108.78;112.34;-;120.07;111.21;112.54
Jun 29, 2023;Jun 30, 2023;118.08;115.07;113.15;118.08;118.09;110.42;115.51;98.39;117.58;127.84;117.98;110.54;118.18;-;121.22;117.39;118.45
Jun 30, 2023;Jul 1, 2023;110.03;107.30;102.39;102.07;106.59;100.79;102.37;90.21;111.05;143.15;105.31;104.36;112.02;-;119.49;111.84;114.15
Jul 1, 2023;Jul 2, 2023;66.41;60.80;47.37;55.96;52.04;40.84;57.77;55.35;70.71;121.85;34.26;61.69;70.95;-;103.08;70.93;73.79
Jul 2, 2023;Jul 3, 2023;-53.87;-6.85;-2.35;-61.41;3.28;-1.20;-89.02;10.32;-17.32;45.42;3.28;-0.53;34.21;-;109.05;-6.86;-0.37
Jul 3, 2023;Jul 4, 2023;53.22;59.83;58.38;28.99;29.57;67.49;51.91;42.17;81.13;86.35;29.91;86.50;95.77;-;115.75;94.64;97.88
Jul 4, 2023;Jul 5, 2023;85.12;85.51;100.96;64.56;50.47;97.12;86.93;70.40;107.02;112.30;48.65;95.76;106.51;-;134.77;116.86;114.48
Jul 5, 2023;Jul 6, 2023;69.80;82.42;76.77;62.79;67.29;79.93;71.20;70.45;98.36;132.35;57.26;93.93;96.32;-;115.85;103.85;106.96
Jul 6, 2023;Jul 7, 2023;107.20;95.78;104.29;80.63;73.22;103.19;102.96;82.36;106.80;132.78;54.70;105.26;107.39;-;115.97;106.93;107.49
Jul 7, 2023;Jul 8, 2023;102.97;96.45;96.46;98.64;98.64;93.24;97.93;87.03;101.05;124.00;62.76;98.87;102.35;-;120.93;100.77;101.77
Jul 8, 2023;Jul 9, 2023;82.19;79.35;81.76;82.14;82.63;81.43;80.35;74.25;82.23;98.91;48.75;77.98;82.41;-;105.18;81.93;82.88
Jul 9, 2023;Jul 10, 2023;89.33;85.27;88.61;89.30;89.30;88.36;89.31;81.71;89.36;93.89;55.32;83.45;89.33;-;104.95;89.56;89.60
Jul 10, 2023;Jul 11, 2023;113.99;108.78;112.60;111.88;111.88;115.49;111.61;84.56;118.30;129.16;74.18;109.49;117.44;-;127.32;121.22;120.32
Jul 11, 2023;Jul 12, 2023;105.96;102.64;96.12;101.30;98.68;104.01;96.81;78.01;114.24;131.62;83.77;112.09;112.36;-;123.29;120.42;120.73
Jul 12, 2023;Jul 13, 2023;87.51;91.28;78.52;77.40;68.27;97.81;74.99;67.14;109.43;140.67;64.10;100.13;125.62;-;119.56;113.27;118.42
Jul 13, 2023;Jul 14, 2023;97.71;94.64;93.31;83.04;83.04;100.53;91.35;73.62;106.17;140.54;57.68;102.88;108.91;-;111.07;111.17;112.59
Jul 14, 2023;Jul 15, 2023;96.97;88.30;83.52;95.75;95.75;80.69;84.94;76.48;95.09;126.82;42.58;93.15;96.48;-;101.23;95.07;97.21
Jul 15, 2023;Jul 16, 2023;33.32;38.98;30.43;30.90;30.83;29.98;32.32;30.18;34.12;103.65;18.42;55.09;32.88;-;99.95;37.71;45.22
Jul 16, 2023;Jul 17, 2023;14.53;19.25;11.97;3.98;5.87;18.35;10.66;4.91;40.35;66.49;-8.31;32.46;24.98;-;108.74;39.21;53.97
Jul 17, 2023;Jul 18, 2023;81.92;64.89;68.96;24.44;20.30;80.72;59.07;27.71;101.57;136.14;4.96;86.59;103.33;-;114.84;108.18;116.88
Jul 18, 2023;Jul 19, 2023;106.46;86.43;98.23;72.41;61.94;103.34;97.60;55.76;108.76;117.01;29.45;98.31;107.89;-;120.58;114.19;114.81
Jul 19, 2023;Jul 20, 2023;97.32;91.57;90.41;97.05;97.05;88.98;95.10;68.62;98.93;138.87;30.13;98.50;103.64;-;128.35;122.85;126.45
Jul 20, 2023;Jul 21, 2023;96.51;83.47;94.64;62.85;62.85;96.14;94.36;57.07;99.64;131.32;27.52;94.25;97.49;-;118.70;109.17;120.82
Jul 21, 2023;Jul 22, 2023;104.40;91.96;91.61;95.12;95.12;89.36;94.72;74.45;106.30;136.07;27.34;95.75;105.75;-;112.34;116.35;125.24
Jul 22, 2023;Jul 23, 2023;76.73;71.75;74.87;75.94;75.16;74.19;77.87;67.42;77.18;92.91;23.30;77.28;73.14;-;103.93;83.51;96.58
Jul 23, 2023;Jul 24, 2023;30.92;35.26;29.85;30.77;27.39;32.13;30.44;30.68;33.13;88.57;15.34;41.65;27.89;-;99.74;45.01;62.36
Jul 24, 2023;Jul 25, 2023;90.53;79.39;87.10;60.13;56.06;86.03;89.56;62.03;91.60;131.19;27.32;87.16;95.11;-;114.22;101.54;105.24
Jul 25, 2023;Jul 26, 2023;104.15;82.03;93.69;57.02;57.02;92.83;83.09;53.97;102.72;138.31;25.90;93.37;104.42;-;113.17;104.58;107.61
Jul 26, 2023;Jul 27, 2023;95.24;83.54;95.42;60.51;60.51;97.54;93.82;62.43;95.83;128.40;29.55;96.76;98.22;-;102.71;102.29;108.53
Jul 27, 2023;Jul 28, 2023;93.91;88.57;90.02;90.51;90.51;88.92;92.60;77.60;94.03;126.89;33.18;94.70;95.34;-;108.82;95.43;97.06
Jul 28, 2023;Jul 29, 2023;95.92;90.18;93.53;95.81;95.81;92.79;94.49;77.76;93.71;126.48;33.61;92.38;95.64;-;105.04;97.75;104.29
Jul 29, 2023;Jul 30, 2023;76.68;73.79;73.78;76.68;76.68;75.90;74.19;66.72;78.18;112.86;18.80;80.34;77.58;-;91.82;79.40;83.17
Jul 30, 2023;Jul 31, 2023;31.75;37.28;25.26;36.48;37.62;41.58;25.82;35.74;39.31;71.80;18.49;41.65;36.36;-;79.59;46.61;56.13
Jul 31, 2023;Aug 1, 2023;70.97;71.07;69.83;67.60;67.68;69.35;70.81;61.45;72.20;126.20;33.00;70.29;73.31;-;98.39;76.62;76.20
Aug 1, 2023;Aug 2, 2023;79.43;76.46;74.76;77.48;77.48;76.17;76.57;66.04;81.27;117.71;29.97;80.04;83.56;-;100.51;89.00;93.32
Aug 2, 2023;Aug 3, 2023;68.29;68.00;59.74;67.39;67.90;57.68;67.77;58.69;67.12;95.23;64.41;74.20;67.84;-;107.99;68.37;69.87
Aug 3, 2023;Aug 4, 2023;45.41;47.06;46.11;37.05;42.36;46.24;48.06;38.78;51.32;63.22;37.19;61.21;46.16;-;111.47;60.99;68.38
Aug 4, 2023;Aug 5, 2023;98.59;80.55;92.57;57.78;62.05;92.50;94.64;54.43;93.27;112.47;43.07;85.64;97.65;-;106.67;101.47;108.48
Aug 5, 2023;Aug 6, 2023;90.31;78.90;79.75;90.04;90.31;75.83;88.53;68.85;87.70;102.85;14.29;79.87;89.90;-;97.44;88.43;89.89
Aug 6, 2023;Aug 7, 2023;57.91;46.24;27.38;57.63;57.63;24.16;54.53;52.36;43.31;75.66;11.23;53.15;51.63;-;81.74;46.35;50.88
Aug 7, 2023;Aug 8, 2023;19.44;34.72;62.06;8.65;1.93;70.06;34.63;17.30;21.65;69.30;0.35;68.76;27.27;-;92.62;47.84;69.75
Aug 8, 2023;Aug 9, 2023;12.06;28.90;83.57;-6.07;-3.95;67.93;37.18;-3.51;17.73;38.96;-4.56;73.75;16.89;-;84.09;25.96;31.83
Aug 9, 2023;Aug 10, 2023;88.35;59.44;86.73;10.61;10.75;92.05;71.80;10.95;89.12;104.79;2.41;85.51;89.08;-;99.20;89.52;89.47
Aug 10, 2023;Aug 11, 2023;102.17;75.64;86.79;56.08;56.19;94.32;83.65;44.87;89.34;117.37;15.03;95.55;92.85;-;98.23;89.65;89.93
Aug 11, 2023;Aug 12, 2023;100.44;86.71;92.59;100.44;100.44;96.26;93.92;64.49;88.42;113.51;17.90;97.56;88.26;-;107.59;78.72;80.88
Aug 12, 2023;Aug 13, 2023;80.14;70.48;79.97;80.13;80.13;80.16;79.81;60.70;73.95;86.70;11.74;76.11;65.92;-;89.07;58.27;59.77
Aug 13, 2023;Aug 14, 2023;65.21;58.93;64.04;65.07;65.07;65.08;63.91;55.22;60.88;74.46;12.89;62.46;59.19;-;101.17;55.28;56.09
Aug 14, 2023;Aug 15, 2023;103.37;91.19;91.79;103.37;103.37;88.78;97.14;75.00;96.07;101.44;52.35;98.69;95.04;-;105.60;88.73;90.68
Aug 15, 2023;Aug 16, 2023;93.56;81.37;87.78;91.29;93.38;86.70;91.85;72.27;86.28;77.98;35.98;87.16;84.35;-;105.87;79.42;79.35
Aug 16, 2023;Aug 17, 2023;110.81;101.85;104.84;107.57;109.16;104.48;107.33;81.97;109.69;114.77;64.55;105.59;110.43;-;108.43;108.39;110.86
Aug 17, 2023;Aug 18, 2023;111.36;100.71;102.92;111.36;111.36;101.26;106.93;80.54;109.16;117.01;50.01;106.78;110.49;-;109.60;108.37;110.46
Aug 18, 2023;Aug 19, 2023;108.99;93.45;99.23;99.46;99.43;95.68;105.48;74.06;108.12;115.47;21.59;100.98;108.44;-;109.63;106.20;108.66
Aug 19, 2023;Aug 20, 2023;84.79;67.24;74.54;51.57;51.57;68.27;81.01;41.90;83.27;105.12;15.45;82.33;84.57;-;96.44;83.14;86.05
Aug 20, 2023;Aug 21, 2023;90.12;82.41;90.37;90.12;90.12;90.20;89.71;65.47;90.15;97.81;30.14;82.23;90.21;-;93.78;89.96;90.44
Aug 21, 2023;Aug 22, 2023;121.11;108.47;119.54;117.77;118.02;114.54;117.78;76.33;120.90;125.72;46.41;115.02;121.11;-;119.66;118.48;122.42
Aug 22, 2023;Aug 23, 2023;123.15;112.78;120.76;122.40;122.40;118.63;120.16;79.42;123.56;133.46;54.36;120.84;124.63;-;137.08;128.82;131.29
Aug 23, 2023;Aug 24, 2023;146.55;130.88;147.09;146.55;146.55;146.74;144.33;86.38;150.34;139.74;45.56;136.39;150.02;-;156.96;156.67;153.54
Aug 24, 2023;Aug 25, 2023;146.95;135.95;144.73;146.95;146.95;144.02;138.07;86.47;145.33;146.81;105.15;144.59;146.43;-;163.08;156.85;160.63
Aug 25, 2023;Aug 26, 2023;116.26;110.29;112.42;116.26;116.26;111.08;115.34;80.51;123.33;137.05;71.91;118.40;110.58;-;141.96;134.89;165.89
Aug 26, 2023;Aug 27, 2023;96.52;89.87;97.49;95.54;95.54;98.37;93.12;76.37;103.52;113.90;19.87;99.35;95.44;-;120.22;108.89;125.88
Aug 27, 2023;Aug 28, 2023;101.90;90.49;91.69;101.90;101.90;89.40;93.72;76.85;100.11;109.72;35.46;96.01;98.67;-;114.81;102.76;111.74
Aug 28, 2023;Aug 29, 2023;118.67;110.13;106.81;118.45;118.67;103.61;109.13;78.95;117.40;134.20;98.68;110.77;114.77;-;121.32;121.07;143.77
Aug 29, 2023;Aug 30, 2023;122.90;113.32;111.41;122.90;122.90;109.37;109.23;81.94;119.65;131.80;93.80;121.62;121.87;-;127.58;118.11;123.58
Aug 30, 2023;Aug 31, 2023;114.93;109.81;108.10;114.93;114.93;105.43;112.10;85.87;115.46;125.86;102.76;106.09;116.42;-;113.99;116.09;122.07
Aug 31, 2023;Sep 1, 2023;104.30;102.75;103.27;104.30;104.30;102.08;103.74;84.61;106.25;119.30;95.11;101.84;105.43;-;122.63;108.64;116.90
Sep 1, 2023;Sep 2, 2023;108.57;99.37;104.84;108.40;108.51;101.09;108.11;81.91;105.31;115.00;48.99;105.00;105.97;-;117.83;114.90;126.19
Sep 2, 2023;Sep 3, 2023;95.13;86.11;93.90;90.18;90.18;92.69;94.98;73.26;94.85;104.23;24.21;93.98;94.71;-;96.28;95.00;97.11
Sep 3, 2023;Sep 4, 2023;82.65;74.51;81.49;74.60;74.60;72.93;83.19;63.38;81.16;90.16;33.40;82.59;82.09;-;93.62;80.90;81.76
Sep 4, 2023;Sep 5, 2023;108.45;100.41;103.35;108.35;108.35;89.12;107.28;81.93;104.83;125.11;68.59;100.47;107.19;-;106.96;105.07;106.53
Sep 5, 2023;Sep 6, 2023;103.54;94.84;99.80;103.25;103.25;93.93;102.66;82.12;102.92;107.57;39.90;104.74;103.15;-;108.61;102.02;102.89
Sep 6, 2023;Sep 7, 2023;105.62;99.91;102.37;105.60;105.60;100.45;103.49;78.96;105.21;107.60;82.21;102.14;105.40;-;108.57;104.59;105.29
Sep 7, 2023;Sep 8, 2023;100.99;94.53;101.73;100.43;100.43;101.27;99.96;72.81;101.09;103.17;58.44;100.39;100.09;-;112.11;99.56;99.72
Sep 8, 2023;Sep 9, 2023;108.23;101.40;105.71;108.09;108.24;100.71;107.72;73.96;106.59;109.46;81.82;105.57;107.48;-;112.77;106.37;107.16
Sep 9, 2023;Sep 10, 2023;91.51;83.41;91.82;91.15;91.51;92.26;89.51;68.06;92.74;108.06;10.45;90.96;90.97;-;100.99;91.35;91.00
Sep 10, 2023;Sep 11, 2023;85.30;75.57;83.43;85.30;85.38;78.71;85.43;64.48;84.11;86.10;10.96;82.78;84.61;-;108.33;83.65;84.23
Sep 11, 2023;Sep 12, 2023;152.87;125.47;133.40;150.62;152.87;116.55;148.19;73.85;145.51;131.07;70.44;111.12;146.57;-;126.58;143.91;145.58
Sep 12, 2023;Sep 13, 2023;131.45;118.86;119.46;131.45;131.45;107.73;127.89;76.45;129.16;127.79;104.64;122.33;129.12;-;126.03;127.32;128.78
Sep 13, 2023;Sep 14, 2023;109.94;104.73;104.34;104.73;109.94;105.63;104.78;72.53;111.60;116.56;102.34;107.70;111.92;-;128.17;112.43;113.64
Sep 14, 2023;Sep 15, 2023;120.47;109.73;108.10;120.47;120.47;100.94;116.53;72.16;118.45;121.23;101.85;106.89;119.93;-;128.12;122.68;120.66
Sep 15, 2023;Sep 16, 2023;108.19;102.97;100.78;108.19;108.19;95.78;106.62;69.54;107.90;117.42;107.73;101.84;108.71;-;129.19;109.24;109.71
Sep 16, 2023;Sep 17, 2023;95.20;89.30;89.07;95.20;95.20;79.92;94.88;65.33;93.08;96.80;91.49;87.43;93.93;-;119.20;93.11;93.78
Sep 17, 2023;Sep 18, 2023;87.62;75.83;83.39;73.15;73.15;72.54;88.20;55.69;85.10;94.77;40.72;80.81;86.63;-;109.37;85.64;86.16
Sep 18, 2023;Sep 19, 2023;95.30;65.91;81.95;23.32;23.32;80.93;87.60;23.08;94.92;107.11;8.16;99.38;95.20;-;122.88;94.33;95.56
Sep 19, 2023;Sep 20, 2023;37.52;39.38;39.00;-1.11;0.14;40.26;37.24;-1.12;64.89;104.74;0.11;87.05;61.96;-;124.57;87.57;85.79
Sep 20, 2023;Sep 21, 2023;49.46;43.26;41.94;-0.81;4.87;40.37;45.81;-1.30;78.83;112.60;2.76;68.38;82.39;-;127.00;95.34;99.21
Sep 21, 2023;Sep 22, 2023;103.06;71.11;91.96;46.82;47.40;82.91;102.13;13.29;103.73;100.72;1.44;88.31;103.42;-;117.91;102.77;103.76
Sep 22, 2023;Sep 23, 2023;103.98;87.86;96.49;103.42;103.42;85.64;103.45;20.73;103.39;106.34;39.47;99.83;104.33;-;123.03;102.47;104.05
Sep 23, 2023;Sep 24, 2023;99.52;83.37;98.85;92.25;92.25;97.67;99.85;27.72;100.56;111.72;2.91;92.68;100.62;-;116.09;101.09;101.74
Sep 24, 2023;Sep 25, 2023;68.81;60.05;58.27;60.77;63.15;51.16;66.01;27.09;68.23;101.96;21.84;73.42;68.70;-;96.35;66.64;68.26
Sep 25, 2023;Sep 26, 2023;105.80;76.93;98.45;55.93;56.03;87.00;103.88;6.98;103.48;129.39;-0.07;100.85;104.32;-;114.07;102.11;103.50
Sep 26, 2023;Sep 27, 2023;128.77;110.14;119.29;127.65;127.65;113.32;125.70;28.82;124.13;121.29;84.34;113.46;125.87;-;124.82;124.38;123.66
Sep 27, 2023;Sep 28, 2023;124.48;104.26;112.15;124.19;124.19;103.70;120.02;49.86;121.82;120.15;41.64;107.38;121.78;-;128.81;116.46;119.93
Sep 28, 2023;Sep 29, 2023;112.52;80.92;99.07;58.50;58.50;92.56;108.11;28.35;111.30;109.05;11.53;101.92;111.27;-;113.49;109.86;111.49
Sep 29, 2023;Sep 30, 2023;105.27;80.94;96.31;66.01;70.21;94.72;99.72;40.32;104.97;107.94;3.76;100.65;105.70;-;130.52;104.79;105.85
Sep 30, 2023;Oct 1, 2023;91.50;64.67;89.74;26.07;26.06;88.64;91.83;15.97;91.38;99.98;-0.20;90.54;91.34;-;112.08;91.27;91.43
Oct 1, 2023;Oct 2, 2023;74.04;64.34;69.99;73.67;73.67;68.19;73.17;39.24;73.58;87.19;0.80;74.32;73.93;-;94.27;73.15;73.65
Oct 2, 2023;Oct 3, 2023;118.15;101.16;115.27;118.15;118.15;110.77;117.77;47.26;117.88;119.45;18.12;111.68;118.25;-;120.32;116.78;118.15
Oct 3, 2023;Oct 4, 2023;22.96;46.84;41.11;17.57;18.15;49.47;67.85;13.15;82.88;62.22;4.46;91.63;66.75;-;134.78;82.76;81.23
Oct 4, 2023;Oct 5, 2023;69.49;49.05;70.85;1.62;1.62;75.52;73.89;1.67;78.18;62.13;1.59;96.98;75.47;-;117.40;83.13;85.57
Oct 5, 2023;Oct 6, 2023;101.61;74.09;96.01;45.65;45.65;92.96;100.46;20.41;105.79;88.47;12.14;103.65;103.83;-;113.73;105.89;108.34
Oct 6, 2023;Oct 7, 2023;71.60;58.09;78.47;10.41;10.56;82.68;75.52;8.40;94.94;95.78;4.48;90.74;86.97;-;129.69;102.73;108.68
Oct 7, 2023;Oct 8, 2023;44.95;39.94;50.42;25.26;23.95;51.18;49.54;12.56;60.79;35.12;-1.22;80.63;51.13;-;115.39;65.91;71.25
Oct 8, 2023;Oct 9, 2023;90.64;75.56;90.47;84.64;84.64;88.72;93.23;44.28;88.56;73.54;2.22;91.96;88.96;-;100.98;88.18;86.83
Oct 9, 2023;Oct 10, 2023;116.01;109.92;114.14;116.01;116.01;114.39;113.98;59.04;118.14;132.98;87.07;118.25;119.10;-;128.37;123.11;123.41
Oct 10, 2023;Oct 11, 2023;112.39;96.91;105.92;79.64;80.47;106.41;106.90;43.55;124.74;127.33;56.41;114.71;119.99;-;139.47;135.02;138.16
Oct 11, 2023;Oct 12, 2023;59.80;55.62;74.95;5.83;5.81;78.88;64.56;6.41;101.04;81.86;-1.25;110.64;83.13;-;150.33;124.87;123.20
Oct 12, 2023;Oct 13, 2023;122.71;93.35;126.02;57.86;55.77;124.78;131.20;33.38;123.23;114.97;-3.06;139.54;123.17;-;147.02;126.82;125.75
Oct 13, 2023;Oct 14, 2023;68.41;69.12;68.41;42.70;40.72;69.53;70.75;31.77;114.56;97.15;11.16;119.74;93.83;-;154.75;132.91;141.09
Oct 14, 2023;Oct 15, 2023;26.53;37.06;38.75;-0.25;-1.32;41.39;39.50;3.74;87.36;28.77;-2.05;122.91;48.89;-;153.32;89.28;88.19
Oct 15, 2023;Oct 16, 2023;39.62;39.95;57.29;10.24;-1.29;52.63;61.19;16.92;62.40;18.88;-2.53;113.59;50.10;-;145.04;63.84;69.48
Oct 16, 2023;Oct 17, 2023;133.70;108.79;136.77;94.56;78.75;133.51;141.69;53.22;133.27;116.98;21.27;153.97;132.72;-;175.76;135.82;130.35
Oct 17, 2023;Oct 18, 2023;130.12;112.84;117.10;121.23;121.23;112.73;123.78;54.01;137.37;136.63;45.88;136.65;134.61;-;161.05;142.86;144.25
Oct 18, 2023;Oct 19, 2023;98.44;82.90;65.70;75.59;65.78;61.50;79.90;53.16;108.92;113.92;58.00;122.24;107.19;-;151.65;114.17;121.17
Oct 19, 2023;Oct 20, 2023;93.41;69.54;87.18;20.63;8.33;81.16;91.14;27.32;111.11;110.00;8.33;118.23;101.58;-;152.28;113.21;111.12
Oct 20, 2023;Oct 21, 2023;87.24;65.86;87.40;17.67;17.12;86.11;92.17;33.69;100.43;83.44;10.24;102.31;93.87;-;139.91;105.68;105.63
Oct 21, 2023;Oct 22, 2023;54.32;48.61;48.18;42.98;28.69;42.81;51.76;42.90;59.64;87.26;9.18;65.13;56.22;-;136.63;56.67;59.26
Oct 22, 2023;Oct 23, 2023;63.95;58.76;64.58;44.26;40.88;62.97;65.96;43.92;66.12;97.85;30.60;62.77;66.41;-;127.69;67.22;69.22
Oct 23, 2023;Oct 24, 2023;125.02;117.92;121.46;118.91;108.40;116.07;124.12;91.64;126.26;129.10;105.69;127.94;127.55;-;144.59;134.29;134.54
Oct 24, 2023;Oct 25, 2023;117.99;100.21;116.11;74.53;68.38;115.90;115.30;60.87;121.83;125.71;63.76;119.07;120.86;-;140.90;124.43;125.65
Oct 25, 2023;Oct 26, 2023;124.31;101.92;119.73;86.94;86.37;108.29;123.77;60.33;123.15;125.59;36.93;125.84;124.18;-;133.58;123.16;124.18
Oct 26, 2023;Oct 27, 2023;121.35;105.33;121.08;86.98;74.45;119.19;124.03;66.95;121.55;127.22;72.39;122.49;122.32;-;144.24;123.76;125.91
Oct 27, 2023;Oct 28, 2023;118.35;112.20;116.14;114.98;113.36;100.71;118.77;93.33;117.94;130.80;90.79;117.50;119.85;-;125.98;118.75;122.14
Oct 28, 2023;Oct 29, 2023;83.37;75.49;59.24;76.31;76.31;49.73;71.88;74.42;80.79;109.25;67.95;79.14;85.38;-;104.67;95.52;88.86
Oct 29, 2023;Oct 30, 2023;23.03;30.69;18.79;23.03;33.38;15.76;24.52;42.92;33.52;48.20;31.32;36.39;29.70;-;114.33;35.21;44.94
Oct 30, 2023;Oct 31, 2023;92.89;83.71;92.82;67.54;66.75;92.21;94.05;66.02;96.60;93.33;58.90;97.79;94.86;-;117.51;97.83;97.57
Oct 31, 2023;Nov 1, 2023;104.95;100.84;110.76;104.67;102.22;108.79;117.98;95.62;106.79;99.06;53.57;103.94;105.86;-;122.31;107.24;106.78
Nov 1, 2023;Nov 2, 2023;62.89;57.43;49.47;61.14;57.68;38.56;60.48;63.53;61.35;65.09;44.62;68.34;61.50;-;70.83;63.86;63.77
Nov 2, 2023;Nov 3, 2023;59.77;57.73;59.22;51.10;44.46;57.46;67.73;55.93;67.89;67.45;44.14;55.95;63.66;-;111.12;72.05;89.40
Nov 3, 2023;Nov 4, 2023;56.57;53.24;57.41;45.81;31.65;57.11;59.18;48.55;58.83;81.65;15.07;70.26;60.18;-;77.78;66.73;67.20
Nov 4, 2023;Nov 5, 2023;24.82;27.46;25.72;24.82;21.05;24.55;29.51;37.06;25.58;52.68;7.61;26.95;26.57;-;74.84;27.98;31.49
Nov 5, 2023;Nov 6, 2023;29.91;32.57;25.24;39.18;33.09;19.63;38.48;48.38;30.69;47.44;23.89;21.36;30.86;-;66.94;30.00;31.90
Nov 6, 2023;Nov 7, 2023;72.04;71.76;74.40;76.95;63.34;73.97;77.62;73.41;76.06;63.98;63.34;74.09;72.20;-;102.35;80.43;87.56
Nov 7, 2023;Nov 8, 2023;99.75;97.11;101.45;96.52;83.48;101.29;102.42;93.19;103.82;96.76;83.31;105.06;100.86;-;123.09;110.29;111.19
Nov 8, 2023;Nov 9, 2023;89.72;85.40;92.63;76.28;65.09;92.58;94.28;75.67;92.19;93.98;64.96;101.78;89.99;-;129.31;93.91;94.86
Nov 9, 2023;Nov 10, 2023;97.22;88.64;99.71;95.33;49.67;98.32;103.50;85.22;97.87;92.98;45.18;110.14;97.12;-;135.17;98.84;98.76
Nov 10, 2023;Nov 11, 2023;94.05;88.24;94.22;87.40;74.07;93.47;95.66;76.73;98.99;95.67;46.71;111.43;96.25;-;125.95;98.71;98.69
Nov 11, 2023;Nov 12, 2023;96.79;91.59;96.79;96.79;96.79;96.80;96.79;91.10;96.80;96.25;41.76;100.77;96.79;-;118.82;96.82;96.79
Nov 12, 2023;Nov 13, 2023;97.99;90.41;96.07;97.99;97.99;84.44;98.50;91.20;96.00;97.09;39.16;99.06;97.01;-;122.56;95.44;96.37
Nov 13, 2023;Nov 14, 2023;94.89;92.73;84.47;88.64;86.90;76.18;93.39;84.38;106.14;113.94;73.97;112.23;99.76;-;127.55;110.28;130.22
Nov 14, 2023;Nov 15, 2023;65.51;74.55;66.35;69.61;65.64;65.63;69.17;74.29;73.28;88.52;65.64;108.32;73.55;-;126.23;78.56;82.10
Nov 15, 2023;Nov 16, 2023;102.41;101.08;96.53;102.40;102.40;93.95;100.04;100.06;101.83;101.69;102.11;108.98;101.88;-;119.69;102.94;102.61
Nov 16, 2023;Nov 17, 2023;117.63;116.62;115.94;117.49;116.26;105.27;120.85;115.83;115.95;119.66;116.26;122.14;117.16;-;136.13;118.29;117.82
Nov 17, 2023;Nov 18, 2023;121.34;120.32;121.32;121.34;119.64;121.07;121.58;116.13;121.20;122.22;117.08;121.05;120.90;-;128.85;123.32;121.00
Nov 18, 2023;Nov 19, 2023;91.40;92.41;87.89;91.30;91.34;85.49;90.58;88.37;93.28;106.61;89.43;98.43;93.79;-;127.80;92.46;97.73
Nov 19, 2023;Nov 20, 2023;38.20;53.86;37.29;49.59;63.91;36.77;38.19;64.70;41.00;84.15;63.71;72.57;40.53;-;122.09;41.32;42.64
Nov 20, 2023;Nov 21, 2023;106.08;105.68;103.79;106.05;105.47;99.44;105.62;103.86;106.04;114.73;105.41;105.04;107.09;-;134.44;107.42;113.74
Nov 21, 2023;Nov 22, 2023;123.30;122.25;120.56;123.29;122.61;118.76;122.42;119.66;122.83;124.70;122.29;124.39;123.26;-;128.45;122.88;124.22
Nov 22, 2023;Nov 23, 2023;109.69;97.45;111.59;75.73;60.50;109.60;112.02;82.14;108.80;120.11;57.88;122.85;110.71;-;134.92;110.30;118.43
Nov 23, 2023;Nov 24, 2023;61.64;70.31;88.15;39.09;26.15;82.04;89.23;61.44;85.29;73.27;26.15;119.04;83.54;-;132.93;96.03;114.31
Nov 24, 2023;Nov 25, 2023;63.87;70.23;75.54;57.64;23.80;74.18;84.72;69.89;78.32;81.75;23.80;126.94;75.99;-;132.69;85.35;98.76
Nov 25, 2023;Nov 26, 2023;94.60;94.66;95.89;94.57;87.21;95.94;96.59;93.31;93.75;98.05;72.52;119.91;93.56;-;126.88;94.58;93.97
Nov 26, 2023;Nov 27, 2023;116.35;112.77;117.36;116.30;116.30;117.84;117.19;113.03;106.30;103.85;114.30;116.82;101.14;-;135.15;99.99;99.13
Nov 27, 2023;Nov 28, 2023;114.51;116.50;117.16;111.58;111.74;116.36;115.17;110.38;117.73;125.90;111.22;127.79;116.52;-;136.99;122.23;121.37
Nov 28, 2023;Nov 29, 2023;121.94;122.54;122.85;121.94;116.37;122.78;122.28;121.16;122.02;127.80;116.11;132.29;122.37;-;137.36;122.80;124.16
Nov 29, 2023;Nov 30, 2023;140.02;140.89;140.29;140.03;141.06;140.48;140.18;140.33;140.48;141.82;140.83;143.50;140.76;-;143.88;141.60;141.97
Nov 30, 2023;Dec 1, 2023;168.76;166.58;168.82;168.74;168.95;168.80;168.83;165.32;167.25;151.49;167.87;168.15;168.19;-;169.45;166.68;169.08
Dec 1, 2023;Dec 2, 2023;156.40;155.85;156.00;156.38;163.65;155.67;156.20;152.31;155.15;144.54;157.95;159.75;156.80;-;150.37;151.13;160.33
Dec 2, 2023;Dec 3, 2023;116.40;115.66;116.94;116.40;116.43;117.22;116.26;114.69;113.80;113.32;114.47;121.44;111.32;-;117.10;117.34;110.28
Dec 3, 2023;Dec 4, 2023;104.72;104.76;105.04;104.72;105.56;105.30;104.83;105.14;103.98;100.72;104.50;113.97;98.56;-;114.39;104.59;99.86
Dec 4, 2023;Dec 5, 2023;111.76;122.44;111.67;111.76;152.00;111.96;111.55;114.99;117.48;123.32;152.00;122.59;117.55;-;135.98;119.37;123.23
Dec 5, 2023;Dec 6, 2023;114.39;126.06;113.85;114.39;159.71;113.63;114.30;117.17;122.74;123.60;159.71;126.02;121.52;-;133.39;125.51;131.09
Dec 6, 2023;Dec 7, 2023;129.54;129.55;128.18;129.54;131.48;128.62;126.60;130.20;129.40;125.23;131.27;134.96;129.54;-;131.55;129.43;129.61
Dec 7, 2023;Dec 8, 2023;116.60;114.46;106.47;116.60;116.60;105.08;103.82;113.26;116.97;126.36;116.17;119.44;118.22;-;121.68;117.50;120.26
Dec 8, 2023;Dec 9, 2023;103.68;104.77;102.81;103.45;100.06;102.28;103.52;102.01;105.83;116.48;100.03;110.43;105.56;-;119.69;106.54;108.32
Dec 9, 2023;Dec 10, 2023;78.41;83.93;76.88;78.14;78.14;75.80;78.81;80.26;89.19;110.64;72.79;92.93;89.64;-;118.21;90.29;96.85
Dec 10, 2023;Dec 11, 2023;55.87;62.41;49.58;55.87;61.83;45.35;55.45;65.85;62.70;82.78;61.75;79.99;65.33;-;102.45;64.61;79.07
Dec 11, 2023;Dec 12, 2023;79.05;88.12;79.15;84.33;85.95;80.07;79.04;86.13;91.69;105.17;85.42;100.60;91.84;-;121.10;96.81;107.39
Dec 12, 2023;Dec 13, 2023;106.06;108.21;94.13;106.04;121.09;88.23;102.80;103.57;109.21;127.49;121.02;107.76;109.01;-;119.45;113.80;123.50
Dec 13, 2023;Dec 14, 2023;93.04;98.50;91.51;93.02;103.59;90.93;92.12;93.34;98.94;117.85;103.59;100.93;97.68;-;110.24;100.71;103.84
Dec 14, 2023;Dec 15, 2023;107.12;106.74;98.43;107.12;123.13;94.18;100.49;104.29;105.89;108.73;119.66;105.38;106.82;-;119.47;105.28;106.57
Dec 15, 2023;Dec 16, 2023;93.24;92.64;93.26;89.15;88.68;93.30;93.27;87.11;94.70;100.23;88.68;96.23;94.45;-;106.64;95.06;96.50
Dec 16, 2023;Dec 17, 2023;70.69;60.69;74.06;57.36;16.14;74.45;75.55;60.40;72.29;71.95;16.14;78.37;70.88;-;90.18;73.38;74.63
Dec 17, 2023;Dec 18, 2023;50.72;44.92;55.54;40.28;4.08;58.09;54.06;47.82;56.99;48.46;4.08;66.92;57.77;-;105.74;59.34;66.33
Dec 18, 2023;Dec 19, 2023;77.97;65.37;80.94;59.41;15.97;82.84;79.00;62.78;82.23;75.05;15.97;83.99;80.94;-;107.88;84.59;89.12
Dec 19, 2023;Dec 20, 2023;76.29;68.53;79.07;64.73;36.12;80.95;77.75;65.25;81.45;75.15;27.09;87.02;79.21;-;106.51;86.30;101.23
Dec 20, 2023;Dec 21, 2023;62.00;66.28;67.92;58.35;48.13;67.35;72.47;60.28;69.88;75.65;47.93;87.10;74.02;-;119.99;74.53;81.68
Dec 21, 2023;Dec 22, 2023;25.28;50.70;37.53;26.93;36.57;37.36;56.32;48.04;53.84;70.44;36.57;83.93;70.13;-;104.00;66.97;87.79
Dec 22, 2023;Dec 23, 2023;22.66;34.76;28.84;22.66;26.17;27.50;39.13;43.51;29.81;39.81;25.28;72.95;26.68;-;102.36;35.66;41.80
Dec 23, 2023;Dec 24, 2023;30.74;31.70;24.08;34.61;34.93;18.95;30.15;39.39;29.48;31.56;34.85;40.49;30.22;-;102.53;29.17;32.69
Dec 24, 2023;Dec 25, 2023;-3.37;16.53;0.02;13.27;36.58;0.63;3.34;42.86;4.04;34.91;38.95;6.50;0.78;-;116.76;12.83;43.94
Dec 25, 2023;Dec 26, 2023;0.41;11.43;1.64;10.55;17.42;0.39;8.11;46.46;1.48;1.03;31.27;5.68;1.67;-;116.01;1.75;1.68
Dec 26, 2023;Dec 27, 2023;16.62;30.10;30.50;30.28;30.55;27.09;46.99;55.29;20.24;10.73;40.72;22.19;16.50;-;117.27;21.43;21.16
Dec 27, 2023;Dec 28, 2023;60.80;60.45;59.40;60.80;54.19;57.75;63.96;66.29;58.93;67.27;55.76;60.95;59.64;-;133.92;59.41;61.77
Dec 28, 2023;Dec 29, 2023;16.67;32.96;21.63;18.83;29.02;21.95;28.08;50.29;27.26;47.19;36.17;55.09;27.03;-;98.57;31.57;42.52
Dec 29, 2023;Dec 30, 2023;6.36;22.69;17.85;14.25;21.40;15.35;33.57;56.83;12.30;18.76;27.93;20.04;11.26;-;122.06;15.25;22.43
Dec 30, 2023;Dec 31, 2023;34.06;40.69;37.86;42.65;41.05;35.02;46.60;63.76;35.15;35.22;41.05;34.72;34.55;-;111.06;35.41;36.73
Dec 31, 2023;Jan 1, 2024;9.90;27.51;10.64;32.08;41.06;9.43;14.68;55.85;15.26;53.99;41.06;15.13;13.45;-;112.14;18.74;30.99
Jan 1, 2024;Jan 2, 2024;16.18;30.81;15.10;32.94;38.74;13.14;18.95;46.63;17.62;77.46;39.42;21.09;17.84;-;105.71;18.06;18.93
Jan 2, 2024;Jan 3, 2024;53.07;56.34;46.81;53.59;57.85;36.19;63.06;61.42;55.19;89.54;58.24;41.81;56.00;-;107.30;55.26;58.63
Jan 3, 2024;Jan 4, 2024;45.22;55.45;47.08;45.96;53.72;46.11;51.43;66.27;50.26;84.14;59.17;54.70;51.11;-;94.48;51.19;53.34
Jan 4, 2024;Jan 5, 2024;85.41;85.10;82.31;85.41;88.51;78.98;84.68;89.44;80.98;93.73;88.51;80.30;83.24;-;91.60;81.41;82.37
Jan 5, 2024;Jan 6, 2024;91.37;111.96;90.81;91.37;193.91;90.54;91.22;90.95;94.15;107.01;193.91;93.57;94.07;-;104.08;95.00;96.80
Jan 6, 2024;Jan 7, 2024;88.72;89.92;88.04;88.78;93.75;87.54;88.64;91.49;88.60;94.25;93.75;85.61;88.68;-;100.74;88.50;88.62
Jan 7, 2024;Jan 8, 2024;86.33;88.00;86.33;87.04;88.66;86.33;86.33;88.50;86.33;93.75;88.66;89.75;86.33;-;97.11;86.31;86.34
Jan 8, 2024;Jan 9, 2024;102.23;104.43;102.26;102.68;103.60;102.23;99.59;101.14;101.25;123.62;103.60;106.94;101.86;-;108.11;101.53;101.97
Jan 9, 2024;Jan 10, 2024;109.39;108.35;104.98;109.39;109.66;106.59;96.88;103.35;108.74;122.11;109.09;111.98;109.01;-;108.73;108.65;109.03
Jan 10, 2024;Jan 11, 2024;111.84;109.64;108.37;111.63;112.39;109.62;102.07;104.33;111.71;115.88;107.81;110.25;112.03;-;113.26;111.90;112.53
Jan 11, 2024;Jan 12, 2024;109.65;107.32;107.56;109.65;109.69;106.79;107.68;105.03;109.23;109.52;96.30;109.68;109.35;-;108.34;109.39;110.09
Jan 12, 2024;Jan 13, 2024;106.04;105.38;106.37;105.06;106.03;106.53;103.18;101.42;106.89;109.06;104.74;103.13;106.72;-;110.45;107.24;107.47
Jan 13, 2024;Jan 14, 2024;74.57;80.86;93.92;70.30;68.20;87.52;84.44;71.96;81.71;88.30;67.81;91.00;84.29;-;99.23;84.39;89.91
Jan 14, 2024;Jan 15, 2024;76.15;79.20;85.20;75.82;75.81;82.12;80.00;76.55;77.71;76.78;75.77;88.57;76.89;-;104.19;77.71;77.28
Jan 15, 2024;Jan 16, 2024;86.50;88.70;90.14;86.91;87.16;88.90;84.53;86.19;88.68;88.97;87.15;98.65;88.35;-;101.06;89.67;90.39
Jan 16, 2024;Jan 17, 2024;101.14;111.37;103.39;103.02;138.96;103.05;97.22;100.32;106.16;122.62;138.96;105.55;105.79;-;107.96;108.11;110.72
Jan 17, 2024;Jan 18, 2024;99.61;98.01;93.35;97.52;98.34;85.24;97.71;96.43;99.83;110.81;96.47;102.07;100.34;-;102.00;101.30;101.74
Jan 18, 2024;Jan 19, 2024;92.74;92.84;88.55;92.40;92.41;85.89;88.49;89.79;95.36;108.93;90.61;93.16;95.65;-;99.21;96.18;98.56
Jan 19, 2024;Jan 20, 2024;78.51;82.63;83.76;77.69;81.74;82.00;76.76;77.14;80.99;97.62;81.74;88.64;80.79;-;92.79;82.02;83.12
Jan 20, 2024;Jan 21, 2024;73.66;76.13;80.44;73.22;74.28;77.87;73.33;73.59;75.19;79.66;74.35;81.05;74.47;-;89.57;75.50;76.33
Jan 21, 2024;Jan 22, 2024;50.26;59.48;60.52;49.96;49.53;58.07;56.46;56.12;62.07;74.85;40.63;74.95;71.17;-;84.51;63.71;67.88
Jan 22, 2024;Jan 23, 2024;49.84;60.04;57.32;47.99;45.23;57.46;62.75;53.87;74.74;69.59;26.78;79.11;85.59;-;102.12;80.68;85.67
Jan 23, 2024;Jan 24, 2024;52.28;58.97;57.18;48.02;42.76;56.98;58.71;50.92;73.10;71.26;33.65;76.18;79.90;-;90.78;76.46;84.92
Jan 24, 2024;Jan 25, 2024;33.12;54.71;50.97;33.42;39.09;48.31;53.07;43.70;66.64;73.33;39.09;77.77;76.45;-;96.38;75.82;97.83
Jan 25, 2024;Jan 26, 2024;78.02;77.85;78.88;76.27;76.09;73.32;83.78;74.93;78.59;77.66;75.97;82.88;78.00;-;95.34;80.44;81.97
Jan 26, 2024;Jan 27, 2024;59.23;68.91;67.65;55.79;50.43;65.82;71.33;57.28;73.59;110.72;50.43;78.11;76.90;-;101.62;81.85;87.62
Jan 27, 2024;Jan 28, 2024;68.35;60.81;69.65;57.48;40.53;68.43;72.61;57.50;68.69;75.48;20.07;70.12;68.30;-;92.05;69.68;71.24
Jan 28, 2024;Jan 29, 2024;59.28;57.80;55.64;54.91;48.58;53.19;58.87;54.55;63.91;89.40;27.70;64.62;64.42;-;76.67;65.88;70.18
Jan 29, 2024;Jan 30, 2024;81.03;76.30;78.44;77.71;67.36;76.39;80.29;70.47;81.04;88.74;56.75;80.85;81.24;-;95.14;81.24;81.34
Jan 30, 2024;Jan 31, 2024;77.97;75.04;78.52;66.49;66.10;78.03;79.48;63.55;79.51;89.40;65.69;79.87;78.85;-;98.94;80.93;83.17
Jan 31, 2024;Feb 1, 2024;76.00;64.11;75.83;47.71;25.54;75.20;75.74;53.23;82.85;84.73;18.23;80.31;85.88;-;100.08;87.72;91.56
Feb 1, 2024;Feb 2, 2024;72.04;61.74;74.69;50.68;20.11;75.15;75.38;51.75;84.08;68.38;7.16;83.71;88.03;-;99.73;87.63;93.43
Feb 2, 2024;Feb 3, 2024;61.66;62.51;68.53;52.72;38.06;67.16;70.50;53.57;74.85;73.34;22.71;81.80;84.34;-;106.41;80.08;83.91
Feb 3, 2024;Feb 4, 2024;35.97;45.78;47.90;35.07;26.48;46.10;49.52;42.42;56.61;58.68;0.97;68.34;71.55;-;89.12;61.03;72.06
Feb 4, 2024;Feb 5, 2024;14.78;31.78;29.41;15.48;13.79;27.95;29.91;31.26;38.84;34.75;13.50;56.16;58.55;-;81.80;41.80;46.52
Feb 5, 2024;Feb 6, 2024;35.84;54.47;60.38;42.12;44.15;53.51;48.65;45.31;53.26;67.11;44.08;72.54;68.10;-;94.87;58.71;61.59
Feb 6, 2024;Feb 7, 2024;45.29;59.94;54.70;48.75;58.28;53.47;58.15;57.20;59.30;70.81;60.69;71.08;66.84;-;96.70;63.62;66.33
Feb 7, 2024;Feb 8, 2024;79.16;77.58;72.40;79.47;80.61;57.55;81.18;79.90;77.41;80.73;81.15;83.88;79.04;-;107.08;77.24;78.69
Feb 8, 2024;Feb 9, 2024;88.70;84.13;71.51;88.43;88.63;51.67;82.74;84.49;87.39;103.17;88.63;88.50;90.24;-;94.52;87.08;91.07
Feb 9, 2024;Feb 10, 2024;70.52;68.79;57.37;63.13;68.69;48.96;66.96;64.53;72.73;91.39;68.91;78.69;75.35;-;92.64;73.99;78.54
Feb 10, 2024;Feb 11, 2024;72.13;71.19;72.62;66.55;66.55;71.95;74.22;66.45;72.05;83.10;66.45;71.03;72.07;-;82.87;71.96;71.98
Feb 11, 2024;Feb 12, 2024;61.96;62.40;63.14;61.50;59.38;57.48;67.15;62.12;61.44;68.30;59.28;64.74;61.92;-;69.17;60.96;62.13
Feb 12, 2024;Feb 13, 2024;74.75;75.64;73.96;74.74;74.31;73.42;74.59;72.25;75.44;87.19;73.11;77.50;75.55;-;93.10;75.86;76.31
Feb 13, 2024;Feb 14, 2024;72.23;74.15;71.50;71.58;71.28;71.02;72.09;69.80;74.21;92.33;70.22;77.57;74.01;-;89.23;74.75;76.07
Feb 14, 2024;Feb 15, 2024;68.16;70.49;66.30;68.16;68.16;65.01;67.81;67.10;70.06;94.14;67.69;70.58;70.38;-;89.62;71.12;72.79
Feb 15, 2024;Feb 16, 2024;70.50;69.74;62.51;70.27;70.37;56.90;68.81;67.62;71.46;85.17;69.91;71.57;72.56;-;91.56;70.96;75.42
Feb 16, 2024;Feb 17, 2024;61.06;58.13;61.60;55.03;41.10;60.75;64.04;55.30;61.97;75.24;36.81;65.44;62.17;-;90.18;62.36;62.60
Feb 17, 2024;Feb 18, 2024;66.65;61.79;64.92;65.32;45.33;62.10;71.05;60.94;66.40;70.20;39.41;67.55;66.49;-;87.17;66.82;68.42
Feb 18, 2024;Feb 19, 2024;53.18;52.88;50.26;53.18;46.67;47.41;55.87;52.91;52.61;67.81;45.78;56.09;53.07;-;83.75;52.44;52.78
Feb 19, 2024;Feb 20, 2024;65.29;65.28;63.60;63.65;63.69;61.28;65.42;62.70;66.74;74.90;63.46;65.67;67.01;-;90.58;67.62;68.51
Feb 20, 2024;Feb 21, 2024;63.22;63.27;63.21;59.95;58.51;62.34;62.29;58.74;65.48;74.34;58.29;66.65;66.15;-;84.51;67.22;67.00
Feb 21, 2024;Feb 22, 2024;57.57;57.30;56.11;50.99;49.01;55.05;57.09;50.34;60.89;78.56;48.87;62.34;61.01;-;83.40;63.41;64.47
Feb 22, 2024;Feb 23, 2024;50.92;52.99;45.59;49.21;48.24;40.72;53.31;51.76;53.81;73.50;46.93;62.02;57.78;-;88.78;56.20;57.76
Feb 23, 2024;Feb 24, 2024;43.74;43.49;44.64;37.26;16.25;45.64;43.98;47.50;53.20;61.34;3.41;61.73;63.45;-;79.37;55.94;58.08
Feb 24, 2024;Feb 25, 2024;57.20;55.81;57.58;57.19;57.19;56.56;58.13;53.15;57.11;67.69;31.12;60.97;57.20;-;73.92;57.04;57.22
Feb 25, 2024;Feb 26, 2024;61.09;58.91;61.05;61.09;61.09;58.75;62.37;58.12;60.63;64.46;41.01;58.44;60.97;-;72.24;60.67;60.84
Feb 26, 2024;Feb 27, 2024;66.27;68.02;65.95;66.27;66.27;65.84;66.18;62.58;66.59;87.69;65.85;68.35;66.64;-;81.33;66.78;67.10
Feb 27, 2024;Feb 28, 2024;73.84;72.88;70.19;73.84;73.84;68.53;71.51;61.50;73.38;85.75;73.30;75.65;74.17;-;85.22;73.80;74.66
Feb 28, 2024;Feb 29, 2024;71.82;69.93;68.54;68.53;70.19;66.90;69.83;53.67;73.40;84.51;65.85;73.98;73.86;-;85.27;74.41;76.33
Feb 29, 2024;Mar 1, 2024;63.20;56.51;63.77;50.21;40.72;63.58;64.10;50.03;66.33;78.00;13.28;65.19;66.39;-;85.16;67.14;68.58
Mar 1, 2024;Mar 2, 2024;71.01;64.84;70.92;64.40;60.07;67.21;69.68;57.11;71.16;71.86;37.28;72.86;70.71;-;94.70;70.68;70.84
Mar 2, 2024;Mar 3, 2024;64.22;63.69;66.56;63.97;63.97;66.04;64.83;57.20;64.72;77.34;45.41;66.05;64.46;-;84.47;64.72;64.58
Mar 3, 2024;Mar 4, 2024;60.47;61.50;66.96;59.68;59.68;63.35;65.43;55.35;61.43;63.61;54.56;65.47;60.93;-;74.13;61.45;61.13
Mar 4, 2024;Mar 5, 2024;75.89;72.83;76.41;69.59;65.33;74.78;75.91;64.83;76.27;78.37;64.77;80.03;74.80;-;89.13;74.87;74.68
Mar 5, 2024;Mar 6, 2024;74.60;71.65;76.51;64.84;63.89;76.42;72.39;62.36;75.62;79.27;62.36;79.03;75.48;-;88.91;75.83;76.03
Mar 6, 2024;Mar 7, 2024;82.84;82.51;82.07;82.84;82.84;81.66;82.58;78.66;82.92;85.26;79.75;86.56;82.46;-;93.94;82.52;82.44
Mar 7, 2024;Mar 8, 2024;76.32;77.00;76.17;76.32;76.32;73.24;76.44;72.66;77.29;85.11;75.53;80.24;77.71;-;95.61;77.65;78.68
Mar 8, 2024;Mar 9, 2024;62.33;69.23;65.30;66.62;67.51;65.56;54.77;65.63;71.61;86.47;66.90;76.70;74.43;-;99.09;72.78;74.57
Mar 9, 2024;Mar 10, 2024;45.61;51.91;50.80;43.20;43.09;49.14;39.87;53.76;49.29;67.77;52.48;72.99;48.66;-;91.44;50.13;51.01
Mar 10, 2024;Mar 11, 2024;34.00;44.66;65.80;34.02;34.11;53.74;36.46;47.19;38.99;39.29;34.45;70.37;36.86;-;78.99;39.60;38.28
Mar 11, 2024;Mar 12, 2024;71.67;68.71;73.90;60.39;57.77;72.21;76.44;60.42;71.68;69.53;57.47;84.29;71.70;-;96.79;71.83;71.53
Mar 12, 2024;Mar 13, 2024;86.47;81.86;78.00;86.45;86.45;72.34;76.67;74.83;83.71;87.43;85.38;83.54;85.71;-;88.06;83.52;85.57
Mar 13, 2024;Mar 14, 2024;72.46;69.45;66.32;63.95;68.31;61.64;68.07;60.61;73.39;86.67;65.47;74.51;75.06;-;91.46;75.05;77.13
Mar 14, 2024;Mar 15, 2024;67.06;61.52;59.42;54.24;53.42;58.76;62.32;54.15;70.23;82.87;36.05;75.16;70.13;-;95.47;71.23;72.38
Mar 15, 2024;Mar 16, 2024;55.90;53.56;47.14;49.56;48.81;42.67;52.94;50.97;59.74;69.80;36.29;72.02;59.24;-;89.77;58.70;59.40
Mar 16, 2024;Mar 17, 2024;50.36;51.22;51.67;43.29;32.74;51.63;53.90;47.67;54.46;70.47;32.74;68.88;55.94;-;80.38;56.36;55.65
Mar 17, 2024;Mar 18, 2024;61.81;56.76;56.56;59.21;52.41;46.74;61.15;57.13;59.03;61.16;50.10;60.34;60.57;-;75.60;58.63;59.70
Mar 18, 2024;Mar 19, 2024;81.25;76.41;71.88;68.19;78.46;66.54;77.61;60.85;81.50;93.65;77.74;81.74;82.42;-;92.86;81.38;83.08
Mar 19, 2024;Mar 20, 2024;81.57;77.26;73.04;72.72;79.57;68.43;77.68;60.80;81.64;89.86;79.42;84.42;82.23;-;93.66;81.41;82.73
Mar 20, 2024;Mar 21, 2024;91.34;84.58;81.92;91.34;91.34;59.71;89.54;72.84;85.49;95.05;85.24;90.58;87.31;-;100.55;83.95;86.10
Mar 21, 2024;Mar 22, 2024;81.39;76.80;68.98;79.42;80.17;54.06;78.12;71.72;79.58;88.91;79.79;83.59;80.48;-;95.75;80.85;78.44
Mar 22, 2024;Mar 23, 2024;68.54;59.19;55.66;49.61;49.10;36.05;66.50;53.59;66.06;83.00;47.06;76.00;68.44;-;94.75;65.48;68.01
Mar 23, 2024;Mar 24, 2024;37.58;37.94;20.58;31.23;32.92;9.63;32.77;38.94;38.87;77.94;35.11;58.40;40.95;-;81.22;39.57;42.68
Mar 24, 2024;Mar 25, 2024;25.87;36.40;20.11;44.76;47.88;16.13;23.97;48.67;27.52;68.21;49.27;24.37;29.50;-;57.66;30.66;32.09
Mar 25, 2024;Mar 26, 2024;84.56;79.74;70.92;84.56;84.56;47.64;80.40;80.36;83.15;96.62;84.30;79.76;84.83;-;98.84;81.92;85.17
Mar 26, 2024;Mar 27, 2024;66.14;63.77;61.91;62.30;63.22;46.61;66.93;60.42;65.00;69.71;62.59;76.51;66.24;-;98.90;64.81;66.13
Mar 27, 2024;Mar 28, 2024;76.30;66.65;65.44;70.04;70.04;50.68;73.83;58.07;66.21;70.31;50.32;86.20;71.99;-;99.27;67.85;69.24
Mar 28, 2024;Mar 29, 2024;51.35;48.51;30.76;52.04;50.29;16.95;45.31;52.07;46.86;70.21;40.06;76.08;52.98;-;93.20;47.86;51.49
Mar 29, 2024;Mar 30, 2024;37.76;41.95;37.79;37.76;37.61;34.69;44.05;38.22;36.86;66.01;24.06;66.94;37.51;-;91.89;37.38;37.18
Mar 30, 2024;Mar 31, 2024;53.25;51.72;56.35;52.08;51.00;52.04;62.59;49.97;47.95;58.81;40.71;46.42;50.95;-;78.67;48.88;49.48
Mar 31, 2024;Apr 1, 2024;55.45;45.83;49.93;59.73;59.73;23.85;56.30;53.45;22.90;44.29;44.30;48.40;41.30;-;87.26;29.42;32.04
Apr 1, 2024;Apr 2, 2024;35.88;36.02;28.10;47.86;37.50;17.41;42.80;48.90;25.89;56.03;28.60;31.00;32.16;-;69.34;27.45;28.80
Apr 2, 2024;Apr 3, 2024;33.35;40.79;28.36;46.55;42.34;19.58;41.87;45.05;32.80;72.06;34.26;52.27;33.49;-;78.68;32.46;33.05
Apr 3, 2024;Apr 4, 2024;87.37;70.90;53.32;81.18;84.65;13.53;77.57;67.83;76.18;87.70;71.12;82.53;84.23;-;96.63;74.18;79.84
Apr 4, 2024;Apr 5, 2024;64.53;57.92;27.50;61.92;63.73;9.54;58.36;60.65;61.10;97.21;63.66;67.84;65.61;-;78.03;61.34;64.37
Apr 5, 2024;Apr 6, 2024;46.59;46.57;24.01;49.19;50.71;6.05;41.66;48.41;50.74;78.23;50.59;60.03;52.61;-;78.73;51.36;53.25
Apr 6, 2024;Apr 7, 2024;29.74;32.85;9.92;33.25;44.02;-0.71;15.67;42.11;31.70;72.28;44.02;31.25;37.88;-;71.79;37.54;40.52
Apr 7, 2024;Apr 8, 2024;20.76;17.32;13.21;10.65;22.06;3.74;11.70;10.83;19.45;55.72;4.26;18.15;20.78;-;60.67;19.94;20.26
Apr 8, 2024;Apr 9, 2024;84.87;65.21;74.42;65.24;80.67;5.35;82.92;50.52;59.58;89.73;60.59;74.65;73.63;-;78.15;60.89;64.94
Apr 9, 2024;Apr 10, 2024;57.99;50.67;38.45;52.65;56.67;1.69;53.69;47.55;54.14;75.03;50.23;67.89;59.37;-;79.13;54.49;57.88
Apr 10, 2024;Apr 11, 2024;69.91;50.03;54.57;39.17;28.09;38.77;54.06;41.36;63.93;87.43;1.30;73.07;68.55;-;90.85;65.57;68.95
Apr 11, 2024;Apr 12, 2024;58.81;46.42;54.73;38.33;36.33;16.34;67.16;40.07;54.72;71.82;8.00;64.65;58.50;-;78.92;54.50;56.53
Apr 12, 2024;Apr 13, 2024;60.95;46.40;41.08;36.98;37.82;21.04;55.21;36.51;55.79;86.28;23.61;56.18;59.90;-;75.14;55.45;58.02
Apr 13, 2024;Apr 14, 2024;13.82;17.23;5.93;12.62;12.60;1.42;11.16;12.43;14.79;64.70;8.13;28.01;17.72;-;68.46;17.42;18.01
Apr 14, 2024;Apr 15, 2024;16.75;12.67;17.39;15.63;14.53;2.60;18.36;17.59;13.96;24.43;-5.55;4.30;16.08;-;74.70;18.40;19.40
Apr 15, 2024;Apr 16, 2024;70.19;59.37;37.28;66.89;68.28;3.99;61.50;41.54;71.65;101.05;52.63;68.00;80.23;-;92.88;72.16;77.13
Apr 16, 2024;Apr 17, 2024;56.26;52.41;36.87;55.31;58.60;3.20;51.89;43.88;57.13;77.12;58.60;67.02;66.85;-;76.51;58.59;62.46
Apr 17, 2024;Apr 18, 2024;102.01;86.97;88.69;102.01;101.82;39.14;98.72;60.22;83.15;102.72;99.86;87.17;93.18;-;106.35;83.79;86.11
Apr 18, 2024;Apr 19, 2024;95.82;89.15;88.48;95.82;95.82;59.15;93.23;74.18;92.64;99.50;95.54;91.23;95.12;-;109.04;92.84;93.82
Apr 19, 2024;Apr 20, 2024;58.82;58.53;42.54;58.56;58.99;18.40;48.32;56.35;64.71;99.68;58.99;68.13;69.15;-;91.12;67.90;70.82
Apr 20, 2024;Apr 21, 2024;58.24;52.84;31.65;58.24;58.06;8.42;51.71;54.41;55.97;86.99;57.95;57.92;59.91;-;89.95;56.06;58.75
Apr 21, 2024;Apr 22, 2024;55.15;52.74;32.88;55.15;64.34;17.40;48.62;56.68;50.56;80.88;64.03;55.08;54.59;-;78.87;52.70;52.75
Apr 22, 2024;Apr 23, 2024;98.53;88.65;76.96;97.98;98.45;59.61;92.45;71.13;95.20;102.67;96.29;85.97;98.46;-;111.73;94.72;96.52
Apr 23, 2024;Apr 24, 2024;97.76;94.49;90.98;97.76;97.76;84.67;96.23;78.68;98.61;102.07;97.76;94.60;100.29;-;106.78;98.61;99.97
Apr 24, 2024;Apr 25, 2024;94.30;87.94;75.11;94.00;96.60;67.32;79.85;73.50;94.22;107.30;96.60;85.35;97.54;-;100.89;94.96;97.98
Apr 25, 2024;Apr 26, 2024;90.63;87.39;84.36;90.63;90.84;79.13;88.72;73.58;90.50;95.82;90.84;85.65;91.27;-;98.68;90.58;91.51
Apr 26, 2024;Apr 27, 2024;86.44;84.62;83.39;86.01;86.02;80.65;85.99;82.61;84.92;90.05;84.80;80.04;86.40;-;119.35;87.20;87.02
Apr 27, 2024;Apr 28, 2024;62.17;59.98;51.47;67.77;67.77;37.01;62.54;61.38;57.94;71.67;63.62;56.83;61.72;-;98.42;63.97;62.69
Apr 28, 2024;Apr 29, 2024;12.99;19.98;11.24;24.77;24.97;12.44;12.66;28.61;10.29;33.71;24.45;23.41;13.19;-;85.65;19.88;13.78
Apr 29, 2024;Apr 30, 2024;80.80;73.81;71.17;77.92;77.92;61.24;75.95;57.25;75.58;84.06;72.55;79.63;78.66;-;88.29;75.58;78.27
Apr 30, 2024;May 1, 2024;69.38;62.03;66.31;54.89;56.32;58.89;69.77;49.18;63.72;72.20;56.32;68.00;66.69;-;84.72;64.99;65.43
May 1, 2024;May 2, 2024;4.39;19.66;8.97;22.90;19.92;13.94;26.01;23.88;7.36;36.45;19.92;30.81;6.12;-;89.42;12.18;18.05
May 2, 2024;May 3, 2024;36.42;33.06;33.14;22.55;22.64;17.52;46.82;24.61;32.45;49.60;22.64;53.17;38.54;-;97.02;51.96;44.80
May 3, 2024;May 4, 2024;77.81;57.76;54.07;49.49;49.61;24.47;79.21;36.65;74.25;74.46;45.72;68.16;79.32;-;84.04;73.26;78.17
May 4, 2024;May 5, 2024;75.15;63.53;55.71;75.15;75.15;31.81;72.79;40.93;65.79;81.94;56.62;69.87;73.03;-;78.03;65.28;68.33
May 5, 2024;May 6, 2024;54.16;50.64;57.48;54.62;55.01;29.03;60.14;34.13;49.61;66.46;49.23;47.84;53.45;-;66.11;49.81;51.26
May 6, 2024;May 7, 2024;93.18;84.28;89.63;92.58;90.47;68.48;93.79;61.84;83.08;94.52;71.65;92.20;88.80;-;103.01;83.51;85.14
May 7, 2024;May 8, 2024;93.04;84.45;79.71;88.86;87.60;63.77;87.09;77.60;91.01;96.47;71.31;92.67;92.84;-;108.59;90.63;91.93
May 8, 2024;May 9, 2024;91.82;80.29;76.54;89.79;89.79;21.98;91.86;78.58;82.59;93.55;81.42;87.05;90.05;-;99.81;83.37;86.53
May 9, 2024;May 10, 2024;61.86;51.19;42.70;58.84;58.97;18.12;58.45;46.00;55.53;87.41;18.15;56.96;61.90;-;91.56;61.02;62.27
May 10, 2024;May 11, 2024;75.99;62.66;51.06;70.55;72.89;13.92;73.17;43.93;69.67;101.90;50.79;66.43;74.97;-;82.47;67.35;70.27
May 11, 2024;May 12, 2024;53.65;47.71;25.72;51.14;57.30;8.28;43.12;31.75;49.10;98.32;52.62;53.13;54.29;-;78.91;53.56;55.40
May 12, 2024;May 13, 2024;1.78;13.71;-5.91;22.17;24.70;1.89;-7.79;20.30;2.87;60.68;21.25;4.46;6.25;-;64.96;20.78;8.35
May 13, 2024;May 14, 2024;46.41;42.88;47.82;29.53;30.42;23.55;49.91;26.18;44.31;92.85;30.30;47.89;48.88;-;89.32;71.43;70.73
May 14, 2024;May 15, 2024;27.68;30.45;36.28;18.48;18.78;6.90;34.05;18.25;23.57;89.29;18.06;31.49;39.75;-;102.94;74.84;43.43
May 15, 2024;May 16, 2024;42.93;38.05;50.17;25.54;20.48;18.99;63.55;23.85;44.93;62.89;17.34;37.73;53.11;-;102.51;81.76;64.85
May 16, 2024;May 17, 2024;49.56;39.23;55.05;18.36;13.88;30.62;68.09;18.24;50.65;57.42;13.35;46.81;59.02;-;98.90;81.02;67.14
May 17, 2024;May 18, 2024;69.01;48.53;71.53;22.29;12.16;43.27;83.11;22.40;70.00;57.89;7.52;59.93;83.68;-;93.77;103.44;92.81
May 18, 2024;May 19, 2024;55.80;44.24;43.58;44.61;40.12;27.20;53.02;30.07;53.41;76.48;13.86;47.76;56.51;-;91.70;56.42;61.42
May 19, 2024;May 20, 2024;52.50;42.48;30.24;52.51;52.51;15.26;38.84;30.06;49.19;82.75;23.21;41.11;51.60;-;87.71;50.70;49.54
May 20, 2024;May 21, 2024;64.98;57.52;38.67;63.60;63.77;19.50;59.59;37.36;61.47;106.40;56.91;54.85;70.57;-;98.81;74.15;71.53
May 21, 2024;May 22, 2024;79.81;62.90;72.72;53.90;38.56;32.09;81.25;45.76;80.18;95.31;30.61;77.60;83.96;-;96.82;85.39;87.81
May 22, 2024;May 23, 2024;85.84;55.47;53.86;47.02;25.51;29.90;68.77;35.10;82.09;94.80;10.08;76.02;86.97;-;95.77;85.23;89.25
May 23, 2024;May 24, 2024;93.87;76.85;67.22;90.03;90.03;48.43;86.73;53.03;88.59;108.17;37.20;82.72;93.15;-;101.55;88.40;91.60
May 24, 2024;May 25, 2024;102.19;91.24;95.51;101.08;102.19;71.41;99.13;59.20;95.92;106.34;86.19;87.07;99.56;-;107.16;99.75;99.97
May 25, 2024;May 26, 2024;72.26;67.07;64.21;71.94;72.26;40.39;70.80;43.24;69.84;97.32;68.49;67.84;71.48;-;101.01;70.37;70.87
May 26, 2024;May 27, 2024;57.93;51.03;44.16;59.20;59.20;13.78;56.60;35.29;54.37;73.72;56.61;49.91;58.52;-;68.59;56.42;61.34
May 27, 2024;May 28, 2024;106.88;82.52;82.27;94.71;105.89;30.08;90.05;56.85;101.63;101.49;59.64;83.22;101.85;-;105.18;99.74;102.88
May 28, 2024;May 29, 2024;90.75;76.09;71.08;87.03;90.75;19.30;82.29;62.86;92.21;99.78;60.79;79.93;90.94;-;114.53;98.19;102.02
May 29, 2024;May 30, 2024;79.18;67.79;62.65;67.24;79.18;32.21;67.85;50.74;81.83;107.74;41.26;73.02;81.99;-;112.62;87.99;99.45
May 30, 2024;May 31, 2024;97.45;77.82;71.68;91.49;97.45;19.59;86.07;58.76;88.63;98.91;72.32;74.93;96.14;-;111.52;95.28;97.00
May 31, 2024;Jun 1, 2024;89.22;73.56;60.35;76.80;84.63;6.66;73.21;59.80;92.23;101.43;84.55;78.92;90.64;-;94.68;93.09;94.49
Jun 1, 2024;Jun 2, 2024;58.95;51.35;36.43;54.53;57.44;3.59;47.82;42.73;60.54;94.10;57.18;49.92;60.56;-;79.47;61.81;69.70
Jun 2, 2024;Jun 3, 2024;23.24;25.07;11.62;17.06;24.56;1.50;8.17;15.67;26.34;92.08;24.49;27.10;27.15;-;73.63;28.05;34.74
Jun 3, 2024;Jun 4, 2024;117.14;89.07;90.55;90.54;104.81;27.74;102.29;55.75;116.96;110.71;90.87;72.69;116.91;-;112.22;128.55;122.21
Jun 4, 2024;Jun 5, 2024;107.23;87.31;85.92;88.79;106.31;49.58;88.27;57.12;104.45;122.95;71.39;78.08;107.55;-;116.74;116.05;111.83
Jun 5, 2024;Jun 6, 2024;81.72;67.47;68.85;55.41;60.00;39.08;73.25;44.93;88.71;115.75;39.13;67.69;89.42;-;110.49;110.98;104.97
Jun 6, 2024;Jun 7, 2024;86.37;77.69;76.25;78.73;78.47;51.49;80.12;54.42;85.68;121.04;77.42;63.29;87.70;-;106.13;108.54;96.96
Jun 7, 2024;Jun 8, 2024;83.15;76.66;75.29;77.66;82.26;56.90;77.40;48.39;82.08;114.42;81.61;64.18;83.02;-;103.45;95.89;93.77
Jun 8, 2024;Jun 9, 2024;45.97;37.40;41.43;23.24;25.11;20.22;43.23;21.68;41.43;89.65;24.63;32.83;47.91;-;106.84;73.90;62.88
Jun 9, 2024;Jun 10, 2024;27.26;18.83;23.00;9.05;7.41;13.02;24.93;7.57;23.45;60.39;-0.78;10.59;28.55;-;91.43;54.62;42.06
Jun 10, 2024;Jun 11, 2024;92.65;68.02;69.86;52.08;50.58;28.40;90.73;41.28;88.99;122.41;45.71;62.83;95.31;-;91.02;96.10;95.11
Jun 11, 2024;Jun 12, 2024;61.63;61.84;56.29;58.97;63.10;46.90;61.19;46.10;67.79;84.53;62.92;57.79;74.65;-;103.76;115.22;88.41
Jun 12, 2024;Jun 13, 2024;91.19;73.85;74.99;79.17;86.59;33.28;85.56;50.39;85.61;106.23;58.90;58.99;92.60;-;109.14;107.38;98.35
Jun 13, 2024;Jun 14, 2024;94.78;77.72;68.93;86.81;94.78;24.91;85.49;64.73;82.84;120.47;68.39;60.50;97.08;-;102.89;114.90;100.45
Jun 14, 2024;Jun 15, 2024;78.39;62.91;62.96;71.83;78.39;16.41;73.82;41.60;72.44;98.72;37.85;61.90;76.12;-;105.33;78.85;76.53
Jun 15, 2024;Jun 16, 2024;7.64;18.34;6.11;19.04;19.39;-5.76;17.69;17.06;9.07;82.24;16.19;11.63;9.11;-;94.22;15.19;24.60
Jun 16, 2024;Jun 17, 2024;21.40;24.92;10.03;26.93;27.76;2.91;20.13;13.95;17.43;95.73;27.39;8.75;23.06;-;77.10;28.14;56.33
Jun 17, 2024;Jun 18, 2024;94.34;79.89;72.59;90.46;93.92;33.13;87.66;76.87;75.53;110.70;92.76;48.42;96.80;-;113.20;130.08;108.35
Jun 18, 2024;Jun 19, 2024;96.20;82.99;94.55;94.72;95.43;35.00;95.54;54.08;81.18;127.93;90.11;46.40;97.89;-;109.28;126.48;109.84
Jun 19, 2024;Jun 20, 2024;84.31;70.20;74.68;61.66;64.66;57.39;77.83;48.29;77.51;112.73;62.24;43.75;91.46;-;110.52;112.51;99.40
Jun 20, 2024;Jun 21, 2024;93.80;83.13;89.35;92.35;92.81;79.24;91.36;62.74;77.10;108.01;67.93;55.58;97.96;-;115.81;137.34;110.93
Jun 21, 2024;Jun 22, 2024;97.14;85.30;92.08;96.89;96.89;81.83;94.75;59.73;87.54;114.70;44.46;78.14;91.33;-;114.32;111.27;125.65
Jun 22, 2024;Jun 23, 2024;52.22;46.99;49.03;52.21;52.38;42.12;51.62;37.44;36.12;80.44;34.24;29.75;51.52;-;98.36;84.21;61.11
Jun 23, 2024;Jun 24, 2024;50.05;45.30;52.30;50.31;49.25;31.77;52.97;33.55;43.65;61.93;38.25;36.47;47.87;-;99.85;57.39;58.50
Jun 24, 2024;Jun 25, 2024;92.09;84.83;74.64;92.09;92.11;54.91;89.84;71.23;76.66;137.29;90.98;53.94;99.45;-;105.08;126.95;107.54
Jun 25, 2024;Jun 26, 2024;75.60;73.84;68.60;75.78;79.22;45.74;69.72;35.07;75.60;140.40;78.43;48.50;95.15;-;112.75;100.70;224.17
Jun 26, 2024;Jun 27, 2024;103.01;82.20;104.61;59.29;59.25;105.98;104.06;32.98;95.39;127.50;51.93;54.53;108.71;-;110.78;139.57;118.42
Jun 27, 2024;Jun 28, 2024;91.79;80.44;71.65;85.86;87.11;68.39;74.54;34.19;85.63;132.07;85.10;59.73;100.54;-;101.13;109.24;117.19
Jun 28, 2024;Jun 29, 2024;63.05;58.00;41.66;57.23;59.85;34.42;54.36;24.39;64.30;131.76;49.20;41.54;79.33;-;108.96;92.46;96.23
Jun 29, 2024;Jun 30, 2024;70.55;58.16;47.98;70.02;70.02;25.40;69.89;35.34;61.94;96.84;58.09;36.13;68.12;-;88.55;71.49;84.24
Jun 30, 2024;Jul 1, 2024;43.77;37.56;33.41;43.85;43.88;22.49;45.75;29.88;39.63;50.12;37.14;24.24;42.79;-;69.19;47.99;51.19
Jul 1, 2024;Jul 2, 2024;91.89;83.10;68.82;84.84;88.73;52.50;88.83;45.02;86.64;159.33;87.75;46.93;104.70;-;110.17;125.18;145.04
Jul 2, 2024;Jul 3, 2024;85.68;68.83;72.11;48.57;72.03;52.19;82.44;39.09;80.52;112.85;72.03;40.20;85.12;-;104.33;94.78;96.85
Jul 3, 2024;Jul 4, 2024;87.62;70.89;66.85;65.97;67.24;38.10;94.46;41.50;80.66;114.85;67.24;49.28;93.58;-;108.48;99.90;106.36
Jul 4, 2024;Jul 5, 2024;28.10;30.65;8.69;17.20;19.88;10.53;2.52;16.49;52.41;109.34;19.88;25.17;54.98;-;108.47;65.80;93.96
Jul 5, 2024;Jul 6, 2024;36.99;30.90;27.95;19.76;19.44;27.51;32.35;19.90;33.61;85.20;10.87;26.95;36.40;-;99.89;51.69;65.27
Jul 6, 2024;Jul 7, 2024;7.36;9.42;-11.85;15.63;15.35;-4.29;-4.09;12.43;3.69;63.76;5.66;2.88;4.48;-;94.51;17.41;61.70
Jul 7, 2024;Jul 8, 2024;21.65;21.47;14.84;21.44;22.00;11.16;20.66;9.53;22.28;72.92;14.82;4.54;22.02;-;95.71;31.38;72.30
Jul 8, 2024;Jul 9, 2024;88.42;75.89;78.36;87.84;88.38;70.23;87.63;40.80;77.56;122.08;41.19;47.62;93.15;-;102.09;100.73;162.45
Jul 9, 2024;Jul 10, 2024;77.69;64.85;60.65;71.84;71.84;46.33;76.27;40.02;61.99;111.11;44.07;44.45;84.80;-;113.93;94.93;147.31
Jul 10, 2024;Jul 11, 2024;79.01;66.75;63.58;64.18;65.46;67.98;73.86;36.73;64.44;108.33;53.76;48.31;87.57;-;114.08;94.33;194.25
Jul 11, 2024;Jul 12, 2024;91.27;85.74;82.82;91.14;91.27;78.42;90.29;41.54;71.12;148.48;91.27;56.78;100.01;-;115.59;116.85;263.99
Jul 12, 2024;Jul 13, 2024;90.60;76.70;68.95;88.84;85.41;54.50;86.59;39.51;69.43;131.83;84.78;52.96;80.90;-;106.48;100.93;230.00
Jul 13, 2024;Jul 14, 2024;28.69;30.36;30.47;28.39;23.03;30.23;33.18;22.95;25.91;88.40;11.64;26.17;13.60;-;95.72;45.03;143.80
Jul 14, 2024;Jul 15, 2024;24.38;27.13;21.05;36.71;36.87;19.00;23.92;20.71;18.32;98.84;10.50;-1.44;13.95;-;99.50;37.14;103.29
Jul 15, 2024;Jul 16, 2024;77.67;67.29;58.93;66.99;68.09;50.01;77.67;35.13;72.50;140.84;46.75;41.23;82.06;-;103.40;120.93;201.33
Jul 16, 2024;Jul 17, 2024;50.30;57.27;41.54;51.86;53.34;40.33;45.10;32.24;62.87;162.36;44.32;31.61;64.38;-;110.28;99.60;204.77
Jul 17, 2024;Jul 18, 2024;76.38;72.11;74.39;73.87;73.87;74.27;76.75;35.39;69.81;149.83;41.78;48.58;74.63;-;115.38;124.97;230.05
Jul 18, 2024;Jul 19, 2024;90.74;74.44;84.10;74.77;74.77;82.02;89.87;36.99;80.26;138.10;14.97;62.59;80.41;-;113.85;132.62;236.91
Jul 19, 2024;Jul 20, 2024;85.90;74.29;80.59;84.97;84.97;78.58;85.20;39.20;78.25;117.51;42.22;50.70;74.96;-;109.87;117.56;176.93
Jul 20, 2024;Jul 21, 2024;61.99;56.17;58.89;62.37;62.93;52.36;64.08;28.76;68.08;90.03;34.44;37.41;58.51;-;105.43;96.69;137.49
Jul 21, 2024;Jul 22, 2024;54.33;44.29;37.85;51.72;51.76;25.80;59.61;27.71;45.57;68.63;38.46;32.05;48.07;-;88.13;54.81;88.70
Jul 22, 2024;Jul 23, 2024;91.23;72.02;62.01;80.53;80.53;57.61;77.67;38.10;89.72;116.32;46.39;45.17;98.13;-;111.50;109.81;120.45
Jul 23, 2024;Jul 24, 2024;79.51;69.88;64.04;78.22;78.22;53.88;76.01;41.25;77.97;122.32;42.10;47.20;87.49;-;112.72;99.34;123.07
Jul 24, 2024;Jul 25, 2024;65.86;60.82;62.91;51.41;51.58;61.05;64.47;31.32;71.13;111.86;34.56;54.43;74.30;-;109.52;96.83;75.01
Jul 25, 2024;Jul 26, 2024;79.28;70.66;71.04;77.14;77.81;53.89;78.28;38.35;79.28;133.99;26.81;48.47;92.14;-;110.98;105.57;197.44
Jul 26, 2024;Jul 27, 2024;90.95;74.50;73.59;89.01;89.01;64.77;88.47;44.35;86.67;109.73;28.84;51.06;93.97;-;116.46;98.74;104.26
Jul 27, 2024;Jul 28, 2024;80.83;65.21;58.88;80.33;80.43;41.39;79.43;46.79;72.74;104.00;24.36;47.60;81.41;-;102.03;79.81;92.79
Jul 28, 2024;Jul 29, 2024;46.02;31.90;27.44;40.06;37.45;17.68;42.89;25.40;46.31;51.51;3.01;11.70;47.48;-;108.32;63.31;68.14
Jul 29, 2024;Jul 30, 2024;71.62;53.13;46.65;62.97;61.33;31.63;69.15;43.19;64.67;69.47;24.91;37.51;72.90;-;125.89;80.88;77.48
Jul 30, 2024;Jul 31, 2024;77.24;65.71;62.89;76.77;77.18;52.83;75.32;55.59;71.71;83.40;45.82;42.08;79.18;-;107.68;79.46;83.50
Jul 31, 2024;Aug 1, 2024;79.40;65.12;72.23;77.58;77.88;65.56;77.25;48.67;79.16;83.95;12.56;39.92;81.57;-;115.62;99.04;96.92
Aug 1, 2024;Aug 2, 2024;94.87;80.44;86.57;92.83;93.84;79.40;92.56;57.62;90.69;96.80;55.13;42.17;97.29;-;120.07;111.27;117.61
Aug 2, 2024;Aug 3, 2024;93.81;81.29;83.59;93.51;93.67;78.50;90.55;60.05;88.46;105.65;65.01;40.09;95.08;-;116.23;102.49;110.19
Aug 3, 2024;Aug 4, 2024;75.29;60.21;50.31;74.57;75.01;33.79;72.81;51.00;66.98;104.50;23.74;35.37;74.26;-;111.88;75.75;80.51
Aug 4, 2024;Aug 5, 2024;62.09;48.32;44.33;55.80;55.99;32.22;60.34;41.88;57.77;75.68;17.07;29.81;60.67;-;111.77;61.85;69.99
Aug 5, 2024;Aug 6, 2024;99.86;80.20;65.18;90.16;90.16;46.52;93.78;54.35;97.75;105.28;82.98;46.64;109.44;-;111.60;133.86;121.81
Aug 6, 2024;Aug 7, 2024;86.98;75.66;66.02;86.98;87.23;43.61;85.06;47.40;84.87;108.60;88.11;44.57;89.85;-;118.79;93.54;90.97
Aug 7, 2024;Aug 8, 2024;92.91;75.72;60.50;92.91;92.91;34.40;77.55;49.06;83.37;104.92;91.99;45.10;100.24;-;120.23;128.86;111.39
Aug 8, 2024;Aug 9, 2024;93.15;78.23;66.39;93.13;93.15;31.01;88.85;50.80;90.22;108.05;92.52;45.75;100.63;-;122.55;109.17;107.02
Aug 9, 2024;Aug 10, 2024;53.32;42.76;38.19;20.27;34.24;23.79;49.82;16.99;67.38;83.28;28.33;39.21;68.89;-;124.19;89.14;85.77
Aug 10, 2024;Aug 11, 2024;49.85;29.12;38.37;7.45;7.45;21.33;50.79;8.35;56.04;55.78;-6.26;27.81;53.17;-;128.65;70.45;76.10
Aug 11, 2024;Aug 12, 2024;54.72;34.45;42.51;37.87;28.59;12.79;57.11;26.51;52.27;45.65;-6.87;27.13;55.39;-;130.91;57.04;60.07
Aug 12, 2024;Aug 13, 2024;92.06;72.77;66.94;92.06;92.06;45.52;83.40;48.38;93.12;93.77;46.19;45.05;94.05;-;129.59;99.57;106.74
Aug 13, 2024;Aug 14, 2024;99.74;80.85;91.53;91.19;92.43;82.91;99.20;48.79;98.11;88.20;40.93;53.35;102.65;-;127.74;131.79;138.55
Aug 14, 2024;Aug 15, 2024;108.01;89.31;96.68;107.81;100.53;86.15;107.65;55.32;101.26;108.67;38.66;70.57;109.06;-;127.98;123.20;136.39
Aug 15, 2024;Aug 16, 2024;85.53;68.54;55.51;84.35;85.78;42.18;73.23;46.11;80.67;88.50;55.49;53.62;88.50;-;128.31;91.21;121.76
Aug 16, 2024;Aug 17, 2024;108.04;91.87;86.99;105.87;106.07;75.30;105.43;54.70;99.65;114.65;89.03;60.65;112.24;-;123.57;122.41;164.34
Aug 17, 2024;Aug 18, 2024;93.24;84.03;80.41;93.21;93.21;75.15;87.50;52.18;95.02;102.54;83.99;66.40;94.74;-;121.88;98.48;117.20
Aug 18, 2024;Aug 19, 2024;88.24;74.17;59.36;85.79;88.23;51.55;72.78;45.74;82.18;96.68;85.97;65.03;82.54;-;120.93;86.64;103.51
Aug 19, 2024;Aug 20, 2024;108.20;94.79;96.50;108.17;108.20;87.78;105.15;54.30;95.89;129.46;54.93;94.00;108.36;-;120.11;119.21;186.51
Aug 20, 2024;Aug 21, 2024;92.11;76.19;71.05;70.79;78.50;56.70;84.25;52.25;99.01;129.45;24.69;72.97;98.48;-;116.97;119.93;143.65
Aug 21, 2024;Aug 22, 2024;52.62;53.75;43.98;38.38;36.51;39.29;48.84;32.52;81.18;113.73;8.01;70.63;78.18;-;124.97;106.24;150.48
Aug 22, 2024;Aug 23, 2024;63.04;49.10;33.57;24.32;24.93;36.70;45.18;22.56;94.67;108.75;4.82;65.42;79.21;-;115.74;109.42;116.40
Aug 23, 2024;Aug 24, 2024;39.13;39.03;33.25;13.80;14.10;35.68;33.62;14.47;73.52;85.53;0.57;57.97;66.82;-;126.57;123.05;129.92
Aug 24, 2024;Aug 25, 2024;49.81;45.18;38.59;48.38;46.60;29.15;47.95;30.45;58.28;91.74;-5.24;43.63;67.43;-;120.69;83.22;92.65
Aug 25, 2024;Aug 26, 2024;21.86;20.26;20.47;19.50;19.50;18.88;20.78;6.94;29.00;44.74;-4.59;22.10;25.54;-;126.01;51.16;65.11
Aug 26, 2024;Aug 27, 2024;99.59;73.08;73.70;52.38;75.03;69.11;83.01;27.59;101.05;128.11;-0.48;95.79;98.56;-;131.69;130.10;160.08
Aug 27, 2024;Aug 28, 2024;90.90;82.51;77.86;89.03;90.90;69.52;88.51;37.53;99.56;113.74;60.16;89.16;91.64;-;140.17;140.03;164.10
Aug 28, 2024;Aug 29, 2024;95.92;82.63;91.23;95.28;62.34;89.40;95.23;37.20;106.41;103.75;26.83;86.78;114.49;-;141.96;197.11;182.90
Aug 29, 2024;Aug 30, 2024;112.91;97.95;104.24;111.09;98.33;99.21;111.05;39.27;111.16;135.10;41.55;99.50;126.93;-;140.21;216.55;185.79
Aug 30, 2024;Aug 31, 2024;106.64;96.36;99.86;105.76;106.64;95.19;105.13;42.06;113.29;138.68;28.81;102.97;121.59;-;135.28;158.18;145.45
Aug 31, 2024;Sep 1, 2024;79.05;70.91;67.88;78.96;78.96;68.67;73.15;39.95;89.64;93.74;26.05;76.10;86.91;-;121.22;96.82;102.34
Sep 1, 2024;Sep 2, 2024;61.65;60.84;56.24;62.88;63.26;61.54;58.85;39.47;75.58;74.36;39.61;67.71;69.76;-;119.45;83.95;92.35
Sep 2, 2024;Sep 3, 2024;115.07;111.64;109.18;113.91;115.07;104.94;115.26;53.75;114.49;153.10;114.40;105.40;128.54;-;155.80;232.77;221.79
Sep 3, 2024;Sep 4, 2024;158.39;125.91;119.84;132.65;133.07;104.22;130.92;52.11;154.74;157.39;126.72;126.50;146.85;-;141.62;174.03;241.00
Sep 4, 2024;Sep 5, 2024;125.84;113.51;113.26;124.72;121.81;104.69;123.56;52.15;122.74;137.83;106.26;119.30;122.27;-;145.08;168.41;196.94
Sep 5, 2024;Sep 6, 2024;64.42;71.33;84.76;46.89;46.92;86.13;72.49;31.83;112.76;93.92;31.71;95.27;81.95;-;139.73;125.83;140.19
Sep 6, 2024;Sep 7, 2024;76.13;68.47;83.75;36.71;36.24;78.80;76.40;30.93;108.37;87.54;34.04;89.94;90.49;-;130.31;127.05;130.67
Sep 7, 2024;Sep 8, 2024;79.42;66.14;68.87;78.66;78.66;60.69;78.40;37.58;77.98;82.38;8.09;76.61;79.63;-;123.67;88.64;90.39
Sep 8, 2024;Sep 9, 2024;69.00;56.87;49.92;68.98;68.98;36.88;66.73;36.45;68.66;70.75;15.69;71.74;70.76;-;114.42;69.57;71.43
Sep 9, 2024;Sep 10, 2024;99.73;81.61;77.59;93.31;93.31;57.00;97.02;54.68;106.04;111.83;1.40;104.52;100.97;-;121.52;112.01;142.45
Sep 10, 2024;Sep 11, 2024;59.04;51.95;51.93;16.99;14.92;44.04;61.94;18.16;82.28;132.24;0.69;68.54;79.69;-;107.13;99.02;120.37
Sep 11, 2024;Sep 12, 2024;80.94;65.70;63.06;62.00;66.40;54.60;73.79;36.33;81.64;107.41;12.09;87.18;78.16;-;121.11;95.40;125.91
Sep 12, 2024;Sep 13, 2024;112.34;90.30;86.09;112.05;112.05;67.89;101.94;50.28;107.71;137.35;6.47;98.97;112.56;-;112.41;115.35;144.83
Sep 13, 2024;Sep 14, 2024;90.81;73.97;71.64;81.09;79.17;58.47;85.06;48.54;85.06;102.80;20.15;88.06;93.62;-;104.04;90.75;107.47
Sep 14, 2024;Sep 15, 2024;53.83;50.95;58.90;53.86;48.78;47.65;73.51;33.20;56.07;69.59;6.19;55.94;56.77;-;97.69;58.17;62.66
Sep 15, 2024;Sep 16, 2024;62.13;50.10;52.52;62.22;62.47;29.96;65.69;33.41;56.36;63.74;8.44;55.36;60.95;-;87.83;57.37;60.80
Sep 16, 2024;Sep 17, 2024;97.47;81.39;72.01;97.35;97.35;39.14;91.21;48.98;101.83;111.39;37.55;97.21;101.30;-;110.58;105.84;121.57
Sep 17, 2024;Sep 18, 2024;88.89;75.01;64.72;88.89;88.89;21.91;80.79;44.36;100.31;111.77;36.84;93.61;93.05;-;112.83;109.23;128.26
Sep 18, 2024;Sep 19, 2024;77.98;68.97;68.98;78.12;79.01;48.57;74.00;39.18;82.03;96.46;24.98;87.09;80.21;-;110.63;87.25;99.14
Sep 19, 2024;Sep 20, 2024;77.87;67.03;68.39;78.34;78.34;54.60;77.79;36.70;79.84;86.72;16.51;79.44;80.62;-;108.84;80.27;82.03
Sep 20, 2024;Sep 21, 2024;73.37;64.66;66.55;73.34;74.32;56.56;73.04;36.48;73.04;89.76;15.56;73.92;78.63;-;116.85;81.15;80.84
Sep 21, 2024;Sep 22, 2024;70.02;57.80;55.04;70.31;70.41;33.26;69.50;36.82;65.72;86.58;11.09;64.96;72.08;-;105.18;77.29;75.96
Sep 22, 2024;Sep 23, 2024;76.18;64.18;63.03;76.35;77.11;45.97;76.43;38.38;67.08;80.48;38.73;68.26;74.12;-;100.06;79.26;75.69
Sep 23, 2024;Sep 24, 2024;121.36;91.03;85.50;121.36;121.36;54.82;113.38;42.74;107.58;120.84;19.04;97.77;116.94;-;141.64;108.18;114.98
Sep 24, 2024;Sep 25, 2024;91.77;74.06;70.92;91.77;91.77;54.14;86.88;42.68;86.00;89.72;17.92;91.70;91.19;-;106.59;92.43;93.81
Sep 25, 2024;Sep 26, 2024;75.14;60.09;75.14;56.04;43.30;42.32;96.17;32.80;73.76;76.15;7.75;82.56;75.01;-;113.86;77.21;81.68
Sep 26, 2024;Sep 27, 2024;55.00;49.18;48.36;54.06;49.63;28.04;51.94;36.08;58.17;69.79;11.81;78.02;55.05;-;110.38;63.35;80.12
Sep 27, 2024;Sep 28, 2024;14.76;24.22;16.60;17.71;14.33;15.05;20.01;18.00;36.35;45.01;6.24;46.09;31.00;-;110.26;46.80;58.33
Sep 28, 2024;Sep 29, 2024;29.07;26.04;31.45;16.84;11.04;27.14;38.71;18.81;28.87;36.01;6.07;41.44;30.02;-;103.83;33.17;33.60
Sep 29, 2024;Sep 30, 2024;58.35;46.19;43.04;57.09;49.85;24.55;68.92;38.97;44.72;62.73;6.29;56.49;55.41;-;89.15;46.53;50.06
Sep 30, 2024;Oct 1, 2024;33.32;39.12;22.22;26.89;24.52;12.15;35.74;26.74;42.47;104.76;21.88;64.62;48.38;-;110.84;52.72;57.61
Oct 1, 2024;Oct 2, 2024;67.84;60.73;64.81;32.15;30.67;62.57;67.40;32.90;71.22;113.86;29.23;89.10;74.17;-;124.26;75.08;79.56
Oct 2, 2024;Oct 3, 2024;95.86;89.11;93.69;80.28;79.93;90.43;96.04;57.04;96.92;128.03;54.29;96.74;106.85;-;126.46;113.03;115.18
Oct 3, 2024;Oct 4, 2024;72.66;77.12;70.63;72.66;72.66;57.64;86.05;51.98;83.05;132.69;44.72;85.31;90.97;-;116.05;90.82;99.20
Oct 4, 2024;Oct 5, 2024;96.13;90.13;91.74;96.13;96.13;88.42;95.81;63.06;97.31;114.18;53.13;96.73;98.79;-;121.37;97.52;100.60
Oct 5, 2024;Oct 6, 2024;85.93;76.15;72.48;84.43;85.93;64.20;82.62;47.91;84.58;116.06;26.51;86.05;86.85;-;113.66;85.03;86.61
Oct 6, 2024;Oct 7, 2024;54.90;52.16;38.49;52.78;54.08;24.66;54.52;42.79;56.73;108.73;24.84;55.67;60.51;-;115.45;59.20;61.72
Oct 7, 2024;Oct 8, 2024;83.72;74.00;73.61;70.10;70.10;56.20;81.45;44.69;87.49;119.86;38.82;81.84;89.86;-;120.65;88.90;92.43
Oct 8, 2024;Oct 9, 2024;91.32;71.20;70.50;87.09;89.10;32.75;85.13;49.76;71.98;96.54;29.11;87.63;83.63;-;112.92;75.77;77.13
Oct 9, 2024;Oct 10, 2024;83.07;67.19;65.74;83.05;83.07;33.86;80.07;45.39;81.41;98.84;8.00;77.38;82.32;-;112.31;82.59;89.66
Oct 10, 2024;Oct 11, 2024;59.73;49.38;56.79;42.31;40.01;47.56;63.40;37.90;58.46;65.77;15.20;56.39;59.40;-;101.11;58.03;59.36
Oct 11, 2024;Oct 12, 2024;95.20;73.40;91.89;62.68;52.04;87.27;96.08;42.98;93.82;97.08;6.47;82.05;95.07;-;101.87;95.95;95.06
Oct 12, 2024;Oct 13, 2024;56.37;54.27;61.88;48.22;45.20;50.06;74.51;39.30;59.35;88.82;9.80;59.61;60.22;-;81.82;60.65;61.57
Oct 13, 2024;Oct 14, 2024;8.11;16.31;20.58;14.86;13.65;17.93;32.94;15.06;14.43;14.02;12.16;12.25;11.52;-;89.25;17.60;24.84
Oct 14, 2024;Oct 15, 2024;105.59;95.39;103.50;104.67;104.67;89.35;117.05;45.02;100.62;100.50;98.22;81.56;104.18;-;114.54;101.57;101.80
Oct 15, 2024;Oct 16, 2024;95.00;89.92;83.36;95.00;95.00;71.03;93.23;58.39;102.22;133.13;58.57;92.80;106.44;-;102.70;104.04;110.05
Oct 16, 2024;Oct 17, 2024;35.08;36.67;33.37;24.28;20.64;30.89;38.71;24.83;42.21;88.47;13.37;38.07;48.49;-;121.01;51.96;59.37
Oct 17, 2024;Oct 18, 2024;71.52;56.27;72.74;60.32;57.63;59.46;83.92;33.37;60.87;60.82;1.97;56.97;70.91;-;115.55;64.10;64.46
Oct 18, 2024;Oct 19, 2024;102.27;80.47;101.66;102.27;102.27;67.38;105.62;41.28;84.35;92.24;9.84;85.90;92.37;-;114.25;82.93;81.88
Oct 19, 2024;Oct 20, 2024;85.52;65.73;72.31;85.52;85.52;38.11;87.15;40.71;71.43;79.76;4.80;77.83;79.86;-;108.92;74.85;77.87
Oct 20, 2024;Oct 21, 2024;35.51;28.61;25.53;28.68;28.68;13.51;34.51;25.26;36.20;50.69;1.03;35.52;35.03;-;117.22;38.29;49.74
Oct 21, 2024;Oct 22, 2024;83.04;64.19;74.37;56.26;56.26;67.53;82.42;26.07;84.13;100.22;-0.99;72.30;87.56;-;127.83;97.22;98.44
Oct 22, 2024;Oct 23, 2024;103.01;85.09;93.67;90.66;99.21;86.44;101.43;34.27;103.33;118.17;3.17;98.56;107.02;-;123.80;109.14;112.31
Oct 23, 2024;Oct 24, 2024;112.00;91.62;97.87;106.74;106.79;85.11;107.61;38.40;112.53;125.68;0.51;111.00;115.56;-;121.49;112.29;116.44
Oct 24, 2024;Oct 25, 2024;101.68;88.65;88.96;99.22;99.53;65.08;98.80;37.04;107.91;129.73;35.85;102.41;110.65;-;116.19;109.58;115.63
Oct 25, 2024;Oct 26, 2024;112.72;89.75;84.91;112.72;112.72;59.30;108.73;43.97;105.90;123.21;19.71;102.03;114.08;-;119.70;111.32;115.42
Oct 26, 2024;Oct 27, 2024;101.72;87.15;81.24;101.72;101.72;57.23;101.12;45.57;100.10;115.32;48.80;100.65;105.15;-;113.44;101.56;107.66
Oct 27, 2024;Oct 28, 2024;90.33;75.12;86.38;88.87;88.87;74.31;89.61;44.12;90.80;91.77;-0.39;82.34;89.68;-;114.00;92.29;95.95
Oct 28, 2024;Oct 29, 2024;111.35;95.76;101.67;109.79;109.79;82.09;105.55;47.18;115.51;131.05;16.25;116.99;117.47;-;114.38;117.35;119.89
Oct 29, 2024;Oct 30, 2024;141.18;124.90;120.68;141.04;141.04;86.73;134.20;67.56;139.64;142.89;130.70;127.87;141.58;-;128.68;140.09;141.03
Oct 30, 2024;Oct 31, 2024;124.69;96.59;111.81;98.80;98.49;79.07;118.53;42.80;125.50;124.16;11.23;127.22;124.84;-;122.43;125.89;126.23
Oct 31, 2024;Nov 1, 2024;105.79;78.97;107.74;44.90;44.61;97.02;108.84;26.81;112.62;98.78;16.68;105.04;105.61;-;113.54;115.87;121.10
Nov 1, 2024;Nov 2, 2024;75.06;55.26;90.30;7.42;7.42;80.75;107.28;7.29;92.63;38.30;3.06;79.49;93.91;-;104.24;95.45;96.63
Nov 2, 2024;Nov 3, 2024;106.76;89.01;98.92;104.80;104.79;91.70;104.99;44.02;104.96;104.87;11.01;102.74;106.34;-;113.02;104.27;105.60
Nov 3, 2024;Nov 4, 2024;93.43;73.57;90.59;70.12;58.88;79.50;92.42;37.42;95.08;91.60;5.21;94.21;94.26;-;105.86;95.33;95.58
Nov 4, 2024;Nov 5, 2024;125.87;116.56;115.79;124.00;124.72;107.88;121.14;67.17;127.46;140.39;102.25;121.35;130.06;-;128.21;128.67;132.17
Nov 5, 2024;Nov 6, 2024;164.79;133.90;137.10;157.14;157.70;115.32;156.43;43.88;156.81;156.43;100.18;129.99;161.93;-;124.69;156.47;164.04
Nov 6, 2024;Nov 7, 2024;231.09;157.43;152.00;167.09;167.53;116.49;181.37;41.95;213.27;196.86;135.57;135.87;223.71;-;126.54;209.15;218.94
Nov 7, 2024;Nov 8, 2024;159.62;130.72;129.20;146.69;146.65;109.48;146.70;42.42;152.67;159.37;121.62;126.81;156.34;-;126.52;153.28;163.77
Nov 8, 2024;Nov 9, 2024;113.39;100.12;113.04;86.05;86.39;112.12;112.91;40.86;115.99;124.07;79.07;115.95;114.84;-;117.42;119.47;133.08
Nov 9, 2024;Nov 10, 2024;114.47;106.77;113.23;114.47;114.46;111.60;114.05;51.72;114.43;114.78;96.21;115.14;114.42;-;119.09;114.50;114.93
Nov 10, 2024;Nov 11, 2024;114.17;105.74;110.40;114.17;114.13;105.88;113.16;45.35;114.18;114.22;102.98;114.54;114.14;-;120.06;113.98;114.52
Nov 11, 2024;Nov 12, 2024;121.77;110.68;110.57;121.77;121.80;99.89;108.34;51.28;124.92;124.33;118.54;122.43;113.62;-;127.13;143.70;223.98
Nov 12, 2024;Nov 13, 2024;166.12;141.93;125.99;166.02;166.12;103.74;144.13;71.84;160.68;169.49;165.42;137.60;150.19;-;140.31;189.04;306.33
Nov 13, 2024;Nov 14, 2024;150.09;141.16;136.88;138.06;139.76;123.42;146.33;44.84;228.75;183.12;106.00;146.17;159.41;-;138.34;237.26;355.32
Nov 14, 2024;Nov 15, 2024;122.02;108.43;123.50;106.27;106.28;125.10;122.69;45.00;141.64;128.56;45.90;131.03;116.82;-;133.49;166.42;265.61
Nov 15, 2024;Nov 16, 2024;124.17;101.06;125.01;90.62;88.84;124.21;123.73;42.41;135.04;114.00;22.36;126.58;118.87;-;134.65;147.01;167.35
Nov 16, 2024;Nov 17, 2024;94.36;78.42;106.37;23.75;22.57;107.16;105.34;37.76;124.89;83.38;2.14;117.47;131.75;-;130.96;141.61;155.49
Nov 17, 2024;Nov 18, 2024;63.48;73.63;94.51;27.82;28.81;90.00;78.16;35.24;111.76;52.51;16.51;118.80;155.84;-;123.40;126.83;136.81
Nov 18, 2024;Nov 19, 2024;104.59;106.74;114.23;91.12;86.53;113.88;114.82;79.96;128.78;91.48;84.30;136.31;132.74;-;137.19;156.68;242.76
Nov 19, 2024;Nov 20, 2024;123.99;119.67;111.20;124.01;124.39;87.64;120.53;119.67;135.10;120.38;119.53;134.40;119.51;-;141.86;152.91;205.99
Nov 20, 2024;Nov 21, 2024;115.03;114.58;114.36;114.75;115.01;112.43;114.37;102.80;125.38;115.80;90.99;128.92;125.50;-;131.29;126.42;131.16
Nov 21, 2024;Nov 22, 2024;123.32;120.74;121.03;123.32;123.13;113.50;121.96;110.96;126.33;122.90;107.59;133.25;124.17;-;134.38;134.90;164.53
Nov 22, 2024;Nov 23, 2024;111.30;117.78;114.49;111.30;114.25;110.76;115.48;92.28;121.01;145.41;117.66;129.71;123.26;-;137.27;123.91;127.21
Nov 23, 2024;Nov 24, 2024;76.02;84.29;80.31;66.22;63.84;70.44;83.65;56.31;102.07;90.82;60.50;129.57;123.41;-;136.39;105.02;111.16
Nov 24, 2024;Nov 25, 2024;3.97;44.86;11.18;4.31;5.05;10.66;13.74;24.74;93.02;58.41;4.69;124.40;143.21;-;131.60;94.33;116.70
Nov 25, 2024;Nov 26, 2024;55.01;72.21;69.08;30.00;30.77;66.74;76.99;35.95;112.92;73.16;16.04;131.34;151.32;-;142.90;121.28;145.41
Nov 26, 2024;Nov 27, 2024;112.75;95.27;113.86;37.18;38.75;114.24;112.05;42.85;137.95;143.68;26.55;134.61;146.26;-;151.67;141.73;149.01
Nov 27, 2024;Nov 28, 2024;119.99;117.27;104.09;116.01;99.74;82.06;113.13;66.80;149.91;166.14;100.06;139.09;152.95;-;157.89;151.40;160.51
Nov 28, 2024;Nov 29, 2024;96.07;111.29;115.25;93.28;94.75;109.77;107.08;84.36;131.11;117.40;92.51;131.35;147.31;-;145.60;135.76;146.33
Nov 29, 2024;Nov 30, 2024;130.25;119.53;120.16;124.11;130.15;114.25;124.78;50.89;131.76;140.68;105.82;138.48;133.73;-;136.72;133.97;140.04
Nov 30, 2024;Dec 1, 2024;104.24;93.02;105.63;75.29;75.28;105.40;107.46;40.38;114.09;136.72;29.65;116.46;116.86;-;121.28;116.43;120.55
Dec 1, 2024;Dec 2, 2024;94.59;84.94;94.15;85.71;85.69;91.53;94.35;39.06;100.30;107.95;25.91;105.18;104.52;-;115.32;101.32;103.61
Dec 2, 2024;Dec 3, 2024;109.15;98.15;108.89;77.38;91.29;106.60;109.09;38.98;126.81;122.18;33.02;127.13;138.27;-;137.20;129.34;134.71
Dec 3, 2024;Dec 4, 2024;144.07;137.11;143.65;132.34;139.10;142.77;141.27;92.96;158.68;157.27;89.54;144.54;166.11;-;160.13;161.32;166.92
Dec 4, 2024;Dec 5, 2024;182.47;166.76;160.52;177.82;170.62;144.54;176.12;114.28;181.69;193.08;151.52;178.21;185.94;-;168.58;182.50;187.33
Dec 5, 2024;Dec 6, 2024;106.20;107.30;107.58;76.04;79.88;108.43;104.00;58.82;131.80;167.60;70.28;131.20;144.65;-;148.65;151.07;210.34
Dec 6, 2024;Dec 7, 2024;86.37;99.28;88.01;86.34;85.48;87.28;86.93;82.77;131.04;114.78;54.12;128.40;146.96;-;144.94;140.46;156.25
Dec 7, 2024;Dec 8, 2024;71.51;78.83;63.38;60.42;60.95;42.22;66.27;47.49;112.31;125.44;51.70;119.20;117.78;-;142.25;119.76;132.92
Dec 8, 2024;Dec 9, 2024;99.07;81.41;83.77;62.63;62.76;37.20;89.86;54.26;110.88;108.28;54.24;118.14;113.54;-;127.99;112.40;112.48
Dec 9, 2024;Dec 10, 2024;99.59;96.07;98.56;77.35;73.14;88.63;96.77;75.51;117.04;117.27;69.02;132.42;111.10;-;129.69;123.24;132.05
Dec 10, 2024;Dec 11, 2024;149.93;141.58;128.82;148.93;145.74;126.21;132.30;126.85;157.25;145.52;141.07;153.25;151.43;-;159.38;153.79;155.00
Dec 11, 2024;Dec 12, 2024;266.54;224.22;199.52;255.54;266.56;164.10;226.82;219.44;257.07;185.91;227.76;200.68;263.07;-;184.02;253.87;260.23
Dec 12, 2024;Dec 13, 2024;395.34;301.88;276.65;395.34;395.36;173.13;355.58;348.41;358.87;172.06;309.97;174.85;360.48;-;176.76;340.32;358.77
Dec 13, 2024;Dec 14, 2024;178.47;164.93;177.31;178.47;178.48;176.69;177.86;107.01;178.24;145.39;128.27;187.95;178.53;-;177.21;177.86;178.94
Dec 14, 2024;Dec 15, 2024;101.23;86.67;110.78;58.69;54.29;109.47;102.52;35.44;118.34;95.31;25.39;121.55;121.57;-;125.00;119.52;124.07
Dec 15, 2024;Dec 16, 2024;46.85;63.27;80.98;32.25;27.08;73.50;65.98;29.59;96.96;46.79;22.37;103.66;116.76;-;119.51;101.86;114.38
Dec 16, 2024;Dec 17, 2024;48.67;64.32;85.28;20.55;20.43;76.53;59.54;20.72;105.98;61.17;20.84;115.45;120.99;-;133.35;117.72;134.55
Dec 17, 2024;Dec 18, 2024;86.30;84.37;94.70;63.46;64.74;93.14;89.95;50.33;111.97;69.82;54.78;120.16;115.04;-;135.64;120.84;131.31
Dec 18, 2024;Dec 19, 2024;54.97;68.56;59.64;25.91;38.66;58.74;62.56;28.04;118.95;109.18;30.16;120.62;101.70;-;127.66;132.47;154.98
Dec 19, 2024;Dec 20, 2024;52.03;60.23;59.62;25.23;33.64;58.94;68.51;24.32;107.44;64.10;20.15;114.48;86.13;-;119.47;111.56;124.76
Dec 20, 2024;Dec 21, 2024;76.37;65.73;79.98;32.27;35.70;80.33;82.95;26.14;91.31;69.80;28.24;105.68;90.66;-;115.02;95.32;100.34
Dec 21, 2024;Dec 22, 2024;22.14;45.03;30.48;21.63;21.06;32.25;33.57;22.85;64.46;59.22;20.29;103.24;86.29;-;100.34;73.28;86.90
Dec 22, 2024;Dec 23, 2024;22.93;45.31;26.91;23.45;23.81;24.73;27.45;21.94;75.42;58.68;21.63;99.01;95.41;-;110.52;88.03;112.70
Dec 23, 2024;Dec 24, 2024;59.10;74.86;65.89;59.10;59.10;65.56;67.91;48.78;88.05;121.11;54.11;99.92;93.98;-;93.03;93.43;103.70
Dec 24, 2024;Dec 25, 2024;102.49;89.86;102.49;102.35;101.97;102.49;102.49;33.99;102.49;104.22;32.15;101.32;102.49;-;125.98;102.49;102.49
Dec 25, 2024;Dec 26, 2024;98.62;83.64;98.20;95.85;95.84;96.79;98.46;30.92;98.72;98.70;11.66;96.24;98.71;-;111.07;98.73;98.80
Dec 26, 2024;Dec 27, 2024;112.89;96.73;112.84;112.89;112.89;112.64;112.85;32.97;113.01;112.59;13.68;114.65;113.05;-;119.02;113.00;112.98
Dec 27, 2024;Dec 28, 2024;121.71;106.06;121.18;121.71;121.71;119.54;121.43;35.33;121.86;121.78;34.13;126.24;121.80;-;132.52;121.91;121.85
Dec 28, 2024;Dec 29, 2024;122.64;104.54;121.94;122.30;122.30;120.32;122.31;30.92;123.39;122.01;23.17;119.55;121.76;-;128.45;125.60;132.25
Dec 29, 2024;Dec 30, 2024;105.28;82.35;113.85;50.28;49.66;113.87;111.95;27.46;116.75;102.13;0.86;109.98;109.04;-;143.60;121.97;131.29
Dec 30, 2024;Dec 31, 2024;78.16;75.57;99.50;29.81;24.37;117.55;87.57;31.87;120.59;62.04;21.90;124.66;111.38;-;147.00;129.78;143.67
Dec 31, 2024;Jan 1, 2025;62.10;69.45;66.83;34.93;32.30;97.79;74.61;31.46;122.12;52.34;23.16;113.66;114.74;-;136.19;129.69;139.24
Jan 1, 2025;Jan 2, 2025;0.95;33.27;22.14;6.10;6.28;22.59;35.69;21.10;96.20;1.53;6.34;85.65;62.40;-;140.73;88.35;85.22
Jan 2, 2025;Jan 3, 2025;92.91;101.09;113.18;82.76;81.66;107.69;132.28;83.18;117.71;81.47;80.53;124.64;106.88;-;139.33;115.06;115.79
Jan 3, 2025;Jan 4, 2025;89.94;95.50;120.11;64.33;64.65;115.69;114.81;62.29;115.08;87.35;64.88;125.28;115.98;-;126.45;118.06;123.12
Jan 4, 2025;Jan 5, 2025;120.79;116.65;122.43;120.79;119.21;121.74;125.37;93.24;124.05;115.46;91.06;127.64;122.10;-;145.38;127.64;138.75
Jan 5, 2025;Jan 6, 2025;72.24;81.15;56.89;71.87;72.39;47.95;65.68;56.44;125.98;95.92;63.45;123.25;112.78;-;143.94;107.95;121.89
Jan 6, 2025;Jan 7, 2025;25.16;57.97;39.66;24.58;25.35;35.44;54.85;29.62;105.20;59.47;25.13;123.90;114.48;-;136.43;100.63;119.02
Jan 7, 2025;Jan 8, 2025;58.29;70.81;78.04;27.12;25.34;74.26;82.19;31.61;109.57;83.44;23.04;130.39;113.91;-;143.78;110.68;121.21
Jan 8, 2025;Jan 9, 2025;104.53;98.29;110.14;75.45;70.53;104.33;107.64;71.18;120.14;106.97;69.48;128.60;116.75;-;133.21;117.81;119.34
Jan 9, 2025;Jan 10, 2025;121.53;113.32;106.39;121.97;120.86;85.61;115.21;98.25;122.60;123.15;101.78;129.43;121.24;-;133.77;123.50;127.64
Jan 10, 2025;Jan 11, 2025;112.43;108.62;112.80;111.42;106.99;112.96;112.73;88.92;114.36;109.40;90.94;121.92;112.33;-;131.10;116.86;120.72
Jan 11, 2025;Jan 12, 2025;101.89;89.78;108.89;98.65;64.26;106.69;112.65;36.81;106.10;98.80;35.70;116.06;102.93;-;126.85;107.42;112.23
Jan 12, 2025;Jan 13, 2025;110.07;103.11;112.49;110.07;98.52;108.26;114.67;71.36;111.42;109.84;73.03;113.71;110.84;-;113.35;111.59;111.71
Jan 13, 2025;Jan 14, 2025;129.20;105.21;128.27;72.85;97.56;125.25;125.87;38.98;132.60;134.69;36.02;134.93;130.27;-;135.23;133.82;136.22
Jan 14, 2025;Jan 15, 2025;126.82;99.17;136.10;55.82;51.75;136.72;117.65;33.57;138.89;126.16;22.44;146.06;125.69;-;143.19;142.80;153.00
Jan 15, 2025;Jan 16, 2025;222.18;177.12;185.49;199.65;212.45;160.57;206.89;66.33;216.76;199.50;121.09;162.91;216.65;-;172.51;216.51;225.17
Jan 16, 2025;Jan 17, 2025;148.10;120.28;141.85;97.81;123.62;139.88;145.08;44.85;151.07;143.89;33.26;155.08;146.70;-;152.07;152.04;154.70
Jan 17, 2025;Jan 18, 2025;146.32;117.64;142.41;95.85;124.51;142.84;143.02;38.44;147.59;142.51;23.45;146.85;146.52;-;146.72;147.49;147.29
Jan 18, 2025;Jan 19, 2025;134.15;115.78;132.69;132.65;133.46;131.34;133.75;40.57;135.00;132.80;32.89;134.43;134.03;-;140.55;135.33;136.32
Jan 19, 2025;Jan 20, 2025;128.72;115.97;128.45;128.72;128.72;127.34;128.56;59.54;130.79;126.65;55.97;132.33;128.55;-;144.62;131.58;133.20
Jan 20, 2025;Jan 21, 2025;231.36;204.24;209.65;231.39;231.35;196.71;224.79;188.74;229.58;144.35;178.87;181.29;229.93;-;193.93;231.09;237.88
Jan 21, 2025;Jan 22, 2025;168.46;159.63;163.06;161.27;168.01;159.90;163.67;129.11;182.13;153.31;152.91;168.78;153.78;-;164.46;196.93;215.06
Jan 22, 2025;Jan 23, 2025;161.45;150.68;152.53;154.28;159.95;146.95;158.14;132.62;169.18;135.76;132.66;162.50;152.96;-;160.41;179.18;188.91
Jan 23, 2025;Jan 24, 2025;103.94;108.00;108.42;96.19;83.46;110.33;104.39;73.37;142.67;111.98;74.68;149.15;133.33;-;146.10;149.68;167.45
Jan 24, 2025;Jan 25, 2025;78.90;81.34;79.10;34.93;43.65;78.04;79.39;39.73;134.19;105.88;32.10;140.30;127.45;-;146.08;139.33;155.01
Jan 25, 2025;Jan 26, 2025;99.33;84.11;91.74;78.73;83.28;61.44;98.09;31.44;119.40;104.19;15.40;136.25;105.21;-;138.96;116.36;117.41
Jan 26, 2025;Jan 27, 2025;101.46;86.60;83.85;97.78;100.46;38.43;90.78;35.76;121.54;111.30;29.89;131.71;111.12;-;130.06;117.73;116.08
Jan 27, 2025;Jan 28, 2025;60.17;69.29;52.51;38.99;48.21;28.94;54.62;34.00;111.94;92.78;38.15;137.67;124.43;-;144.32;116.26;124.43
Jan 28, 2025;Jan 29, 2025;106.37;93.01;68.64;86.58;99.57;30.53;89.18;77.93;122.87;118.14;79.45;134.99;115.21;-;137.29;120.22;122.25
Jan 29, 2025;Jan 30, 2025;108.13;102.23;98.39;105.53;104.88;72.77;104.72;80.69;119.17;107.12;86.79;133.93;110.52;-;138.40;121.21;123.65
Jan 30, 2025;Jan 31, 2025;131.53;117.67;128.30;119.50;115.91;107.86;134.18;65.46;133.53;131.64;81.35;144.19;132.43;-;142.25;133.49;132.92
Jan 31, 2025;Feb 1, 2025;141.02;131.61;137.33;133.29;137.02;131.46;139.64;96.19;141.95;140.67;101.61;145.91;142.66;-;151.38;142.20;142.28
Feb 1, 2025;Feb 2, 2025;135.45;127.89;133.42;132.44;133.70;130.28;134.61;94.52;135.66;136.35;99.14;140.95;135.76;-;146.60;135.68;135.67
Feb 2, 2025;Feb 3, 2025;137.13;130.63;135.67;135.17;137.13;132.14;136.37;106.88;137.45;137.59;105.13;136.08;137.30;-;138.07;137.55;137.41
Feb 3, 2025;Feb 4, 2025;154.51;149.00;151.71;150.21;154.51;150.65;152.38;128.38;154.45;150.44;129.60;162.16;154.48;-;155.81;154.15;154.37
Feb 4, 2025;Feb 5, 2025;142.42;128.21;141.02;101.94;139.17;141.06;133.95;73.18;144.97;145.15;96.13;149.44;144.28;-;152.60;144.68;145.41
Feb 5, 2025;Feb 6, 2025;141.77;118.76;146.23;91.14;116.19;145.31;137.07;48.04;143.27;141.49;45.62;149.39;142.67;-;149.70;143.27;143.09
Feb 6, 2025;Feb 7, 2025;150.09;138.84;143.22;138.08;146.57;142.58;139.40;103.90;151.27;151.17;107.23;154.38;149.46;-;153.18;151.78;153.84
Feb 7, 2025;Feb 8, 2025;121.18;118.31;132.61;101.58;109.02;129.78;114.65;83.37;131.48;133.38;89.86;148.15;127.56;-;154.87;135.68;141.49
Feb 8, 2025;Feb 9, 2025;108.81;104.33;130.81;78.78;92.89;123.32;121.76;58.23;113.32;107.39;61.99;148.02;111.14;-;155.59;114.17;114.30
Feb 9, 2025;Feb 10, 2025;128.42;119.10;135.67;108.21;114.59;133.75;127.23;78.05;130.17;126.81;84.66;144.60;126.33;-;155.76;130.74;131.79
Feb 10, 2025;Feb 11, 2025;121.84;115.88;156.79;81.11;76.82;144.21;119.16;65.28;144.10;123.87;77.63;155.28;130.45;-;162.90;150.37;156.01
Feb 11, 2025;Feb 12, 2025;120.01;114.91;153.10;75.18;75.45;141.57;128.92;58.39;141.81;128.92;67.48;163.50;129.72;-;166.64;153.56;162.83
Feb 12, 2025;Feb 13, 2025;154.32;143.54;154.72;129.83;132.22;154.37;153.88;115.85;161.35;133.02;127.49;164.43;151.74;-;172.21;168.78;184.36
Feb 13, 2025;Feb 14, 2025;172.12;163.01;162.44;159.21;165.83;150.63;168.19;134.79;180.05;177.75;143.77;170.32;180.17;-;170.59;206.19;205.91
Feb 14, 2025;Feb 15, 2025;179.14;169.83;161.92;178.90;178.99;147.95;174.14;155.13;177.58;176.05;168.82;169.89;178.79;-;162.98;177.36;181.41
Feb 15, 2025;Feb 16, 2025;133.66;129.56;129.42;132.49;131.80;121.08;131.50;109.58;135.76;133.83;126.77;140.28;132.60;-;142.18;137.21;140.51
Feb 16, 2025;Feb 17, 2025;132.65;131.03;129.62;132.65;132.64;125.30;130.38;122.62;138.67;135.68;126.84;133.43;133.46;-;143.73;139.90;143.36
Feb 17, 2025;Feb 18, 2025;153.42;149.45;148.89;152.90;153.49;144.88;152.03;117.70;158.02;151.58;150.63;159.82;154.04;-;161.39;157.90;160.14
Feb 18, 2025;Feb 19, 2025;132.45;135.62;130.48;132.27;132.46;130.18;131.43;124.67;158.57;136.79;128.10;153.90;132.98;-;155.80;169.81;203.28
Feb 19, 2025;Feb 20, 2025;110.83;120.79;118.74;107.97;110.47;117.31;109.96;100.58;139.59;141.62;109.77;151.29;121.42;-;152.27;148.63;169.59
Feb 20, 2025;Feb 21, 2025;94.95;97.79;98.10;66.08;70.76;99.49;97.05;62.09;136.36;110.44;68.54;146.86;119.89;-;153.01;146.13;181.31
Feb 21, 2025;Feb 22, 2025;90.80;89.29;79.49;68.76;74.54;63.90;84.86;63.48;118.29;110.47;64.34;144.09;110.00;-;144.60;126.14;151.51
Feb 22, 2025;Feb 23, 2025;70.32;77.83;79.16;64.69;62.61;75.15;85.75;49.27;101.37;82.31;43.69;129.96;82.23;-;138.12;114.09;145.91
Feb 23, 2025;Feb 24, 2025;91.04;87.07;82.05;74.24;84.31;70.30;83.17;49.99;119.59;112.90;56.00;125.18;100.06;-;132.59;128.45;149.05
Feb 24, 2025;Feb 25, 2025;91.05;85.10;84.98;48.40;46.47;86.75;78.61;44.80;138.60;124.79;33.77;143.19;105.77;-;142.88;161.02;210.42
Feb 25, 2025;Feb 26, 2025;139.76;117.83;123.27;134.10;139.06;103.69;133.77;52.73;146.79;133.98;49.52;147.01;132.24;-;143.89;160.17;193.35
Feb 26, 2025;Feb 27, 2025;135.69;117.68;120.53;134.29;135.70;101.85;122.95;61.14;142.00;135.89;61.45;144.17;134.51;-;141.18;146.18;154.82
Feb 27, 2025;Feb 28, 2025;126.03;117.97;119.41;125.28;126.04;114.74;117.86;82.12;131.14;137.73;79.34;136.11;127.91;-;135.29;133.82;141.33
Feb 28, 2025;Mar 1, 2025;128.77;115.25;121.52;123.83;128.78;112.22;122.08;63.86;130.94;129.51;73.90;134.24;126.86;-;131.19;136.37;156.26
Mar 1, 2025;Mar 2, 2025;123.65;105.80;116.02;120.58;122.64;97.34;119.26;44.02;127.30;126.81;39.63;127.47;122.77;-;129.80;131.03;143.22
Mar 2, 2025;Mar 3, 2025;91.12;75.37;90.08;77.66;52.67;91.24;90.43;39.47;98.00;91.19;3.45;104.81;90.13;-;106.26;103.38;124.47
Mar 3, 2025;Mar 4, 2025;106.45;86.48;111.82;55.07;48.72;117.73;105.46;38.32;123.77;101.10;10.46;125.86;112.91;-;129.28;127.79;132.23
Mar 4, 2025;Mar 5, 2025;107.77;81.69;108.86;42.56;36.66;109.15;105.68;35.92;122.57;89.47;7.04;133.84;106.81;-;133.90;129.46;144.59
Mar 5, 2025;Mar 6, 2025;78.55;62.74;86.42;24.37;18.84;88.06;79.43;23.84;96.77;57.23;5.00;129.45;80.68;-;128.88;104.28;121.38
Mar 6, 2025;Mar 7, 2025;89.82;76.10;84.49;71.03;73.64;72.19;84.71;35.68;97.96;84.83;24.34;121.26;86.99;-;126.00;105.65;126.23
Mar 7, 2025;Mar 8, 2025;103.99;87.15;90.55;96.09;103.96;59.84;94.48;37.55;108.66;113.66;34.03;114.23;105.61;-;123.82;111.01;112.88
Mar 8, 2025;Mar 9, 2025;90.69;75.29;74.51;90.15;90.69;37.10;80.37;38.98;97.25;98.49;27.02;102.24;91.39;-;105.62;102.46;113.39
Mar 9, 2025;Mar 10, 2025;77.21;67.25;67.97;76.29;75.06;46.51;72.82;38.91;81.01;79.84;41.42;81.71;78.18;-;111.43;83.27;85.75
Mar 10, 2025;Mar 11, 2025;112.86;102.78;105.09;108.81;112.46;92.99;107.31;50.48;114.17;113.05;89.41;123.59;113.18;-;128.99;113.82;112.72
Mar 11, 2025;Mar 12, 2025;125.30;114.75;113.17;120.77;125.33;101.12;115.81;80.03;124.55;123.67;107.05;125.48;125.28;-;125.02;124.34;124.85
Mar 12, 2025;Mar 13, 2025;124.87;119.81;117.22;122.40;124.93;111.51;118.73;97.60;123.86;124.31;123.72;129.36;124.31;-;127.76;123.29;123.90
Mar 13, 2025;Mar 14, 2025;125.14;122.71;123.28;125.14;125.58;121.68;121.37;113.26;124.33;123.90;124.17;122.30;124.79;-;127.03;124.17;125.00
Mar 14, 2025;Mar 15, 2025;121.23;116.39;119.32;120.78;121.29;115.78;118.35;75.37;120.92;122.03;116.53;128.09;121.79;-;123.93;119.35;123.22
Mar 15, 2025;Mar 16, 2025;92.92;86.62;91.72;92.74;92.89;88.64;92.08;45.85;94.18;109.43;35.00;116.95;93.33;-;117.82;94.81;93.25
Mar 16, 2025;Mar 17, 2025;72.03;64.34;72.25;62.83;42.94;73.13;69.87;42.37;74.49;74.19;26.28;93.98;75.37;-;86.99;74.70;74.58
Mar 17, 2025;Mar 18, 2025;99.11;95.63;108.36;97.14;95.21;97.41;95.03;48.42;105.29;94.06;81.40;125.51;104.09;-;121.45;104.36;104.32
Mar 18, 2025;Mar 19, 2025;90.14;84.09;83.96;86.51;86.64;76.40;84.85;46.23;93.26;90.40;63.80;120.64;92.27;-;120.44;93.85;92.93
Mar 19, 2025;Mar 20, 2025;104.39;93.16;94.00;100.50;104.50;69.09;97.70;48.06;106.37;102.14;81.61;115.62;105.20;-;124.10;104.65;105.97
Mar 20, 2025;Mar 21, 2025;108.30;95.28;88.21;103.73;111.63;45.76;98.82;51.66;110.18;109.75;93.20;125.81;109.32;-;124.94;111.77;113.70
Mar 21, 2025;Mar 22, 2025;73.52;76.96;63.00;67.10;70.90;30.67;64.56;48.75;101.48;102.74;69.83;127.54;100.02;-;130.84;104.78;110.71
Mar 22, 2025;Mar 23, 2025;14.96;45.15;41.86;12.44;9.10;29.59;39.94;21.52;89.75;46.18;8.36;119.36;78.59;-;124.56;82.22;84.00
Mar 23, 2025;Mar 24, 2025;54.96;52.64;70.54;49.54;12.69;49.38;80.32;37.27;62.47;52.59;11.91;90.75;61.57;-;120.70;62.90;61.77
Mar 24, 2025;Mar 25, 2025;129.88;116.73;121.44;128.13;129.92;102.97;124.67;57.13;131.99;131.02;98.02;127.96;130.77;-;131.35;131.92;131.65
Mar 25, 2025;Mar 26, 2025;111.78;100.36;107.87;96.26;99.06;93.22;108.54;50.89;124.76;108.67;70.75;125.31;118.62;-;126.91;123.19;123.79
Mar 26, 2025;Mar 27, 2025;114.53;105.56;111.30;99.58;106.02;98.88;112.63;53.85;117.36;118.22;103.15;124.37;115.81;-;125.90;118.12;118.71
Mar 27, 2025;Mar 28, 2025;98.97;89.08;95.63;91.18;91.25;81.12;95.44;49.58;104.79;112.80;38.43;118.74;100.93;-;123.58;103.42;102.48
Mar 28, 2025;Mar 29, 2025;88.34;78.83;84.86;74.07;77.29;63.51;84.21;47.16;107.27;89.63;25.96;116.01;97.09;-;116.72;104.29;102.29
Mar 29, 2025;Mar 30, 2025;84.51;76.29;75.29;80.87;82.70;41.19;78.17;46.01;105.96;89.69;25.91;117.13;96.25;-;122.92;103.56;104.16
Mar 30, 2025;Mar 31, 2025;11.68;27.14;13.23;11.34;17.85;17.31;9.46;21.86;18.33;78.67;17.91;72.53;20.06;-;90.21;18.98;21.64
Mar 31, 2025;Apr 1, 2025;104.40;96.31;91.80;104.40;100.89;60.25;89.44;57.87;108.53;117.83;102.67;116.26;109.48;-;119.98;113.45;116.17
Apr 1, 2025;Apr 2, 2025;94.22;90.76;80.28;94.22;94.22;55.06;82.19;70.64;106.63;115.69;84.11;116.93;98.44;-;117.88;104.47;103.45
Apr 2, 2025;Apr 3, 2025;61.62;67.38;49.44;63.65;63.53;28.43;51.27;56.65;95.87;80.55;58.27;115.11;78.45;-;121.21;89.58;88.43
Apr 3, 2025;Apr 4, 2025;77.50;75.02;69.77;76.89;77.50;48.73;72.08;54.17;83.94;98.23;56.01;106.52;81.37;-;120.29;85.42;86.15
Apr 4, 2025;Apr 5, 2025;89.91;77.62;79.97;83.25;85.39;38.88;82.60;53.41;93.08;94.07;53.74;98.34;91.06;-;115.87;96.81;96.48
Apr 5, 2025;Apr 6, 2025;54.83;48.67;49.71;55.57;54.46;25.22;49.59;45.22;58.17;57.15;25.34;60.02;54.88;-;104.25;63.28;67.86
Apr 6, 2025;Apr 7, 2025;38.29;40.28;34.53;51.23;51.48;11.27;35.58;45.92;36.48;45.19;43.38;47.75;40.21;-;100.95;44.21;55.05
Apr 7, 2025;Apr 8, 2025;96.13;91.89;88.81;94.97;95.51;63.74;91.16;82.29;104.46;108.09;86.85;94.76;100.16;-;110.28;107.21;111.02
Apr 8, 2025;Apr 9, 2025;98.75;89.19;86.49;98.75;98.75;61.12;89.99;58.82;108.38;98.58;66.65;108.95;104.66;-;108.77;111.94;119.80
Apr 9, 2025;Apr 10, 2025;91.56;78.32;76.80;91.16;91.15;34.67;80.47;47.88;103.38;96.61;42.45;102.87;94.07;-;115.42;109.18;117.93
Apr 10, 2025;Apr 11, 2025;85.52;70.17;77.68;61.02;63.44;29.66;79.79;51.00;92.65;94.88;45.67;86.96;89.16;-;105.42;95.47;96.28
Apr 11, 2025;Apr 12, 2025;64.63;59.32;74.79;36.15;44.64;36.96;72.24;33.57;69.58;106.04;29.00;79.80;69.79;-;101.35;78.31;85.24
Apr 12, 2025;Apr 13, 2025;65.41;58.13;53.54;64.64;64.07;24.87;58.29;48.81;74.40;82.21;31.36;70.34;66.97;-;85.80;78.47;84.91
Apr 13, 2025;Apr 14, 2025;39.20;39.79;36.27;39.20;39.61;18.84;38.82;29.57;48.58;52.40;24.49;70.38;39.54;-;96.56;52.13;56.09
Apr 14, 2025;Apr 15, 2025;98.16;83.75;87.58;96.41;97.54;36.22;93.37;50.01;103.93;104.48;48.69;102.41;100.62;-;113.68;109.82;110.91
Apr 15, 2025;Apr 16, 2025;70.04;62.48;70.82;39.14;41.20;16.83;70.03;37.67;99.48;84.04;38.29;99.11;90.70;-;110.81;103.42;105.22
Apr 16, 2025;Apr 17, 2025;89.58;76.65;82.57;79.98;80.78;56.98;85.33;46.86;80.63;94.68;47.83;100.77;86.74;-;112.11;83.66;79.74
Apr 17, 2025;Apr 18, 2025;98.49;81.79;95.90;95.76;93.64;62.50;97.39;51.79;79.64;84.96;50.40;98.89;88.80;-;109.71;82.94;83.02
Apr 18, 2025;Apr 19, 2025;87.90;75.52;89.43;80.13;84.74;32.83;87.32;52.09;89.96;94.32;48.06;82.41;89.37;-;99.78;91.47;91.00
Apr 19, 2025;Apr 20, 2025;68.92;59.70;60.25;64.94;65.46;22.57;63.21;48.06;68.96;91.06;37.04;65.74;69.42;-;82.34;72.38;71.97
Apr 20, 2025;Apr 21, 2025;65.26;55.94;74.05;70.85;70.67;30.22;69.30;50.15;49.37;61.51;28.19;52.73;58.26;-;89.14;53.09;54.52
Apr 21, 2025;Apr 22, 2025;81.99;70.44;84.88;82.00;81.99;53.54;84.13;54.61;66.54;74.60;47.92;70.81;73.77;-;96.02;68.80;68.71
Apr 22, 2025;Apr 23, 2025;112.64;105.44;106.72;112.42;112.50;72.58;110.76;99.54;110.90;115.03;100.59;105.93;112.81;-;108.79;115.67;113.29
Apr 23, 2025;Apr 24, 2025;109.48;102.59;104.86;109.41;109.45;67.30;106.37;85.81;108.37;112.63;101.04;112.65;110.62;-;110.63;116.31;112.86
Apr 24, 2025;Apr 25, 2025;96.80;92.67;94.36;96.80;96.80;78.64;94.83;81.09;95.42;97.61;89.12;97.76;96.98;-;100.75;99.66;99.79
Apr 25, 2025;Apr 26, 2025;88.53;83.96;87.80;88.53;88.52;67.33;87.33;69.34;88.34;95.75;73.78;87.90;88.92;-;75.84;89.26;89.30
Apr 26, 2025;Apr 27, 2025;57.39;54.45;60.11;58.42;58.23;36.69;58.35;50.64;57.67;64.41;41.13;55.46;57.84;-;68.96;59.70;59.69
Apr 27, 2025;Apr 28, 2025;31.43;37.81;29.14;46.08;45.51;34.62;34.07;42.47;33.13;45.31;38.68;34.69;32.21;-;61.81;34.20;31.76
Apr 28, 2025;Apr 29, 2025;75.75;67.19;71.63;75.59;75.64;46.84;74.37;48.57;75.65;78.89;41.72;74.09;76.16;-;94.08;76.32;76.64
Apr 29, 2025;Apr 30, 2025;73.20;64.18;68.38;72.59;72.60;24.91;70.61;50.67;72.56;74.08;53.71;73.12;72.79;-;81.92;72.93;72.27
Apr 30, 2025;May 1, 2025;74.96;69.68;74.99;75.10;75.18;48.26;74.48;62.00;75.10;75.18;61.48;69.88;74.87;-;87.67;74.97;74.56
May 1, 2025;May 2, 2025;44.97;45.72;43.71;60.74;60.97;5.90;44.68;58.17;44.99;52.34;45.96;40.52;44.99;-;62.48;45.07;44.91
May 2, 2025;May 3, 2025;62.79;54.41;68.12;58.97;56.43;19.59;64.74;48.85;59.69;64.86;38.29;57.48;61.44;-;80.06;60.46;61.01
May 3, 2025;May 4, 2025;55.08;50.62;54.99;52.86;53.22;18.39;56.66;47.79;54.12;68.40;42.19;53.77;54.47;-;80.87;55.67;58.92
May 4, 2025;May 5, 2025;33.54;32.50;31.67;33.53;33.54;12.42;33.15;32.75;33.76;53.69;28.47;30.85;33.68;-;51.10;33.85;33.85
May 5, 2025;May 6, 2025;87.40;74.43;68.99;82.58;79.68;13.49;71.60;80.18;90.01;94.41;61.87;83.70;92.22;-;105.05;93.38;99.15
May 6, 2025;May 7, 2025;90.96;79.95;77.20;90.15;81.17;13.59;88.23;87.97;91.70;90.62;75.00;90.02;93.84;-;99.76;102.70;96.96
May 7, 2025;May 8, 2025;98.93;90.04;89.20;98.93;98.86;21.73;95.64;96.21;97.40;100.57;96.98;94.60;100.25;-;109.29;109.18;103.33
May 8, 2025;May 9, 2025;103.18;92.54;88.85;103.18;104.16;10.07;97.75;99.80;103.64;108.26;103.78;95.39;103.11;-;100.57;108.08;113.71
May 9, 2025;May 10, 2025;81.11;78.62;70.78;80.87;91.27;15.30;80.05;75.59;78.86;107.59;91.68;91.17;81.62;-;103.00;87.12;90.47
May 10, 2025;May 11, 2025;52.30;57.37;43.69;67.93;69.77;-1.05;49.19;66.29;51.38;110.07;66.73;54.30;52.79;-;82.99;57.04;55.13
May 11, 2025;May 12, 2025;19.41;29.98;-9.97;56.97;58.95;-5.84;5.46;57.52;17.03;62.60;58.20;4.68;24.18;-;76.19;48.60;32.40
May 12, 2025;May 13, 2025;69.61;72.02;63.11;75.93;84.31;25.60;62.54;74.34;71.76;96.46;84.95;73.31;79.96;-;100.75;136.59;105.09
May 13, 2025;May 14, 2025;79.50;76.90;70.49;78.91;80.19;46.55;75.40;80.20;76.82;97.42;79.90;75.91;84.16;-;113.78;115.86;94.55
May 14, 2025;May 15, 2025;69.06;65.76;58.58;70.76;65.03;34.24;65.08;69.98;68.08;87.20;61.75;71.05;71.61;-;102.39;106.70;92.32
May 15, 2025;May 16, 2025;66.24;63.37;67.33;64.31;50.00;15.51;64.21;63.99;75.70;96.38;50.37;70.80;78.49;-;100.20;94.04;83.88
May 16, 2025;May 17, 2025;73.40;64.74;67.45;72.31;53.96;11.24;70.85;70.59;75.74;103.17;31.15;74.41;81.30;-;91.59;96.10;89.00
May 17, 2025;May 18, 2025;59.51;54.79;60.15;59.79;42.52;14.25;58.66;58.86;56.58;106.82;31.86;53.66;59.51;-;89.34;74.57;78.19
May 18, 2025;May 19, 2025;62.93;57.63;64.12;62.92;63.28;14.33;62.57;59.40;64.01;101.36;23.88;54.95;63.15;-;68.75;66.16;65.97
May 19, 2025;May 20, 2025;95.54;82.61;83.40;91.89;87.06;24.60;90.04;77.30;95.24;113.65;58.14;90.68;96.74;-;99.06;103.56;98.56
May 20, 2025;May 21, 2025;91.14;77.29;80.63;83.31;74.43;22.38;85.26;75.60;91.41;97.56;51.89;94.00;93.69;-;119.07;129.66;108.42
May 21, 2025;May 22, 2025;71.35;67.31;99.75;36.35;44.44;33.77;72.70;58.11;71.35;89.60;42.43;98.63;93.33;-;105.97;107.27;126.92
May 22, 2025;May 23, 2025;61.22;65.31;62.09;29.38;32.27;20.74;63.82;53.18;103.49;117.67;30.80;101.31;103.64;-;112.15;105.08;101.79
May 23, 2025;May 24, 2025;82.57;78.55;67.46;76.16;78.69;16.55;76.24;76.03;95.51;114.96;71.97;95.26;95.26;-;114.92;117.00;106.29
May 24, 2025;May 25, 2025;58.10;57.66;49.30;57.79;56.87;12.67;57.23;57.77;63.16;99.04;53.86;65.27;61.33;-;83.63;66.58;67.14
May 25, 2025;May 26, 2025;23.71;24.43;15.91;13.47;18.44;4.19;18.58;28.55;30.40;61.53;16.70;34.31;26.66;-;47.74;30.75;29.05
May 26, 2025;May 27, 2025;72.91;68.43;58.80;47.85;66.82;20.93;64.79;56.02;86.25;115.77;61.88;87.41;86.17;-;105.72;96.89;94.29
May 27, 2025;May 28, 2025;61.85;59.72;53.37;37.24;48.37;30.49;55.07;52.91;71.09;97.91;46.68;91.12;72.68;-;115.95;77.79;79.45
May 28, 2025;May 29, 2025;84.19;80.82;74.80;83.66;84.17;27.09;82.78;73.98;89.25;113.89;82.17;86.45;90.77;-;110.30;97.72;94.00
May 29, 2025;May 30, 2025;56.29;57.18;59.37;53.44;56.84;30.56;59.99;52.90;58.84;87.40;53.94;54.48;61.22;-;93.75;73.86;72.87
May 30, 2025;May 31, 2025;48.19;49.54;47.62;39.51;23.47;42.03;48.11;46.55;52.52;116.39;23.06;50.74;54.96;-;92.26;53.87;57.04
May 31, 2025;Jun 1, 2025;70.51;60.84;62.15;69.55;56.36;29.36;69.34;55.73;67.41;88.79;41.30;58.86;70.36;-;88.91;72.61;72.90
Jun 1, 2025;Jun 2, 2025;39.58;38.51;37.76;36.13;34.66;15.52;40.32;37.21;39.45;71.50;32.57;39.55;38.94;-;85.44;41.84;53.69
Jun 2, 2025;Jun 3, 2025;87.04;75.59;75.44;77.64;67.49;36.56;83.85;62.96;83.44;118.92;51.58;77.74;95.85;-;92.51;116.53;107.63
Jun 3, 2025;Jun 4, 2025;71.69;65.79;54.55;57.85;69.36;17.24;60.02;50.42;81.98;115.12;52.29;78.50;86.33;-;108.18;89.06;93.12
Jun 4, 2025;Jun 5, 2025;83.11;66.08;72.88;73.41;65.73;20.66;76.91;65.76;64.59;87.47;46.14;70.73;82.66;-;116.82;105.21;104.83
Jun 5, 2025;Jun 6, 2025;80.16;70.54;76.54;74.52;80.16;5.23;78.03;68.73;73.27;108.05;63.72;62.96;84.71;-;110.85;109.32;96.97
Jun 6, 2025;Jun 7, 2025;48.63;49.05;44.84;50.31;47.99;22.67;46.98;54.15;50.46;80.49;37.97;43.86;59.82;-;113.54;91.06;84.46
Jun 7, 2025;Jun 8, 2025;59.72;55.64;65.45;59.73;59.72;14.78;66.15;57.36;53.05;88.97;25.41;56.35;65.03;-;82.65;76.00;85.68
Jun 8, 2025;Jun 9, 2025;22.64;31.90;25.58;32.53;32.80;2.49;28.73;31.11;39.43;45.17;32.51;18.04;62.55;-;68.04;57.90;54.43
Jun 9, 2025;Jun 10, 2025;33.31;37.31;40.88;34.83;35.09;16.30;50.68;41.59;36.89;41.98;23.80;24.04;64.30;-;99.30;88.96;68.11
Jun 10, 2025;Jun 11, 2025;54.12;62.08;64.85;61.36;61.41;26.25;60.19;60.87;60.83;103.93;60.45;55.64;67.05;-;109.79;90.40;79.68
Jun 11, 2025;Jun 12, 2025;71.60;69.39;76.43;70.83;71.22;30.56;79.46;68.32;70.65;91.89;70.23;55.49;78.16;-;115.15;87.86;81.72
Jun 12, 2025;Jun 13, 2025;59.28;59.21;52.85;62.78;62.87;27.28;57.66;61.05;64.12;79.23;58.28;56.23;68.99;-;113.99;90.65;82.54
Jun 13, 2025;Jun 14, 2025;52.09;61.21;69.73;51.03;51.51;49.56;72.22;56.50;60.32;90.93;51.12;52.30;68.14;-;116.07;82.67;76.42
Jun 14, 2025;Jun 15, 2025;44.38;47.61;55.30;44.86;43.30;29.54;55.79;47.50;46.88;77.86;29.60;42.70;50.43;-;115.12;54.45;58.07
Jun 15, 2025;Jun 16, 2025;61.84;57.00;62.43;61.95;60.71;17.44;63.48;57.08;59.67;70.71;52.57;58.33;62.59;-;114.69;63.53;63.77
Jun 16, 2025;Jun 17, 2025;81.10;75.11;87.37;73.36;59.33;35.38;84.60;68.67;85.89;94.80;55.76;78.32;102.73;-;122.76;103.26;96.30
Jun 17, 2025;Jun 18, 2025;84.65;73.17;82.56;74.20;61.63;47.12;86.20;66.58;83.68;95.82;42.25;77.68;87.17;-;114.44;96.09;93.43
Jun 18, 2025;Jun 19, 2025;79.82;72.68;81.17;70.50;57.51;65.16;81.04;64.86;77.37;90.87;50.30;74.58;86.13;-;120.58;102.44;95.15
Jun 19, 2025;Jun 20, 2025;56.02;56.79;70.57;59.40;47.28;46.19;68.77;56.33;59.55;39.27;35.78;68.11;73.42;-;121.82;85.80;90.02
Jun 20, 2025;Jun 21, 2025;87.05;77.97;84.25;86.55;86.64;71.34;86.84;71.16;84.25;83.51;37.89;78.11;87.07;-;117.43;91.21;88.28
Jun 21, 2025;Jun 22, 2025;72.61;66.57;71.95;72.84;72.61;71.76;72.94;63.70;69.45;77.30;18.51;68.00;73.19;-;111.54;76.79;73.85
Jun 22, 2025;Jun 23, 2025;41.47;41.52;41.99;50.26;50.81;24.12;51.46;43.95;44.48;46.79;16.73;40.66;45.48;-;102.39;48.70;46.08
Jun 23, 2025;Jun 24, 2025;38.74;45.96;38.46;25.32;24.55;26.80;41.76;32.47;57.07;70.67;12.91;66.42;109.10;-;135.56;107.71;94.88
Jun 24, 2025;Jun 25, 2025;47.22;49.79;56.99;24.27;20.37;56.26;57.63;43.90;60.05;61.15;4.23;60.57;102.21;-;132.60;99.28;92.13
Jun 25, 2025;Jun 26, 2025;80.15;74.99;86.40;66.23;71.37;77.64;97.47;62.88;85.79;78.32;24.63;81.43;92.79;-;127.04;104.51;104.18
Jun 26, 2025;Jun 27, 2025;91.36;91.39;89.55;91.36;91.36;81.83;90.71;72.25;101.20;125.01;59.63;96.59;105.82;-;122.49;118.37;118.40
Jun 27, 2025;Jun 28, 2025;81.19;72.22;83.36;47.42;54.00;83.22;83.15;56.31;89.46;87.20;30.66;88.79;90.82;-;118.11;107.58;109.91
Jun 28, 2025;Jun 29, 2025;52.51;45.83;50.42;33.98;33.67;45.37;51.54;32.94;56.12;73.07;2.63;66.97;57.37;-;97.82;63.36;60.55
Jun 29, 2025;Jun 30, 2025;54.12;44.14;53.88;38.50;20.59;57.85;54.36;38.02;57.28;54.73;-2.74;55.27;57.83;-;80.06;58.30;58.81
Jun 30, 2025;Jul 1, 2025;102.42;90.82;105.34;99.57;97.71;100.12;100.97;64.55;97.06;94.21;35.03;99.58;104.86;-;122.30;115.33;109.80
Jul 1, 2025;Jul 2, 2025;138.36;120.06;151.71;138.28;138.28;117.62;144.86;67.60;131.08;128.73;51.76;113.61;137.19;-;133.04;136.73;134.22
Jul 2, 2025;Jul 3, 2025;103.89;98.64;120.69;103.88;103.88;93.85;111.77;64.64;99.31;114.56;54.45;105.32;112.68;-;125.29;132.02;124.39
Jul 3, 2025;Jul 4, 2025;86.47;73.47;89.60;39.30;44.04;81.49;86.98;55.97;93.19;98.22;17.66;103.57;98.13;-;121.07;110.61;105.54
Jul 4, 2025;Jul 5, 2025;79.62;71.92;75.64;68.10;68.13;72.52;76.70;56.62;97.27;100.29;24.78;101.46;49.58;-;125.96;118.93;105.75
Jul 5, 2025;Jul 6, 2025;53.86;47.61;40.63;29.47;43.63;31.27;51.77;33.20;59.28;81.27;11.66;77.03;64.47;-;120.90;85.41;78.56
Jul 6, 2025;Jul 7, 2025;73.49;66.96;74.59;70.66;70.66;31.59;80.32;61.39;74.28;81.70;22.91;88.91;79.54;-;107.45;83.77;83.61
Jul 7, 2025;Jul 8, 2025;99.97;90.85;77.83;95.38;98.74;36.78;91.68;67.06;109.45;133.42;74.19;100.34;114.45;-;118.41;113.59;123.10
Jul 8, 2025;Jul 9, 2025;90.01;83.15;84.55;89.82;89.82;37.50;89.49;67.96;93.23;110.26;53.86;101.42;96.77;-;112.96;98.23;107.23
Jul 9, 2025;Jul 10, 2025;91.80;87.07;93.13;91.80;91.81;46.06;94.98;71.47;87.24;113.68;82.49;93.79;91.33;-;105.12;88.72;93.33
Jul 10, 2025;Jul 11, 2025;90.41;84.32;90.64;90.41;90.44;67.62;91.72;68.57;88.80;92.11;66.26;90.95;90.00;-;108.11;89.40;91.97
Jul 11, 2025;Jul 12, 2025;87.88;78.06;92.01;87.88;80.03;54.43;92.54;68.24;85.65;103.87;11.17;93.38;89.41;-;115.76;98.64;95.91
Jul 12, 2025;Jul 13, 2025;72.26;63.84;70.64;67.51;47.75;57.11;73.62;58.33;70.93;108.20;7.48;68.40;72.24;-;101.36;73.19;73.57
Jul 13, 2025;Jul 14, 2025;73.49;64.27;72.65;73.49;52.63;50.24;75.98;64.96;68.61;79.33;22.00;74.79;72.27;-;106.58;70.12;71.06
Jul 14, 2025;Jul 15, 2025;98.47;88.59;86.14;98.39;98.38;53.21;96.70;77.80;98.77;119.17;38.75;102.64;104.56;-;119.11;110.71;109.68
Jul 15, 2025;Jul 16, 2025;90.82;83.21;68.31;90.82;90.82;58.20;81.44;73.49;94.44;108.13;54.15;98.82;96.68;-;122.57;100.52;100.49
Jul 16, 2025;Jul 17, 2025;95.75;87.21;79.96;95.75;95.58;64.71;92.70;78.59;96.73;102.60;55.15;98.13;99.43;-;117.06;106.10;107.58
Jul 17, 2025;Jul 18, 2025;92.61;88.57;92.73;92.13;92.12;91.23;92.97;76.63;94.58;118.93;29.98;94.68;98.30;-;116.71;102.03;101.70
Jul 18, 2025;Jul 19, 2025;100.93;94.02;98.63;100.93;100.93;92.02;100.83;82.47;98.68;106.74;51.82;99.96;101.21;-;119.07;106.42;107.83
Jul 19, 2025;Jul 20, 2025;70.14;65.71;67.53;70.14;70.62;46.25;71.54;64.72;66.63;89.24;29.94;74.86;71.35;-;116.96;84.83;83.72
Jul 20, 2025;Jul 21, 2025;71.48;63.35;73.74;70.98;71.53;20.58;74.16;64.00;66.74;79.93;37.68;65.01;72.54;-;112.77;80.84;77.00
Jul 21, 2025;Jul 22, 2025;100.23;81.14;70.36;97.30;89.30;24.34;93.79;80.06;88.74;108.72;39.00;100.82;100.17;-;119.73;112.73;109.77
Jul 22, 2025;Jul 23, 2025;78.38;73.91;73.12;78.84;78.79;59.12;77.79;72.82;79.14;91.54;22.95;93.92;85.03;-;112.83;114.67;104.40
Jul 23, 2025;Jul 24, 2025;78.25;79.94;83.89;75.99;59.24;83.37;85.29;75.26;90.12;92.62;45.95;92.11;95.48;-;117.01;149.37;129.12
Jul 24, 2025;Jul 25, 2025;102.55;94.43;91.07;100.56;102.55;74.30;96.76;84.48;100.08;111.06;77.52;100.70;99.63;-;112.82;123.95;134.81
Jul 25, 2025;Jul 26, 2025;97.43;90.30;90.68;95.75;97.05;71.08;95.27;83.94;95.81;116.90;45.97;96.06;104.81;-;113.54;167.25;136.09
Jul 26, 2025;Jul 27, 2025;91.16;80.69;81.59;88.63;88.63;46.23;87.04;78.96;91.60;104.26;41.29;87.70;91.70;-;102.42;107.41;113.63
Jul 27, 2025;Jul 28, 2025;79.43;72.89;71.92;79.43;79.43;37.04;79.88;73.95;70.55;102.35;53.54;76.50;77.23;-;72.81;78.62;92.04
Jul 28, 2025;Jul 29, 2025;94.08;79.64;80.64;69.93;80.05;41.90;88.21;79.02;93.29;102.68;59.01;89.27;92.03;-;102.27;98.91;106.86
Jul 29, 2025;Jul 30, 2025;76.95;63.03;74.27;58.39;40.37;42.18;76.48;63.56;80.82;86.41;13.02;78.84;79.01;-;98.67;91.84;91.41
Jul 30, 2025;Jul 31, 2025;75.95;67.89;72.28;71.84;50.97;48.72;74.68;67.51;75.42;89.40;38.63;80.39;76.95;-;109.04;89.68;91.37
Jul 31, 2025;Aug 1, 2025;85.52;78.96;84.01;85.05;72.56;64.74;85.49;75.95;84.79;99.38;48.86;81.98;85.78;-;104.42;91.75;93.57
Aug 1, 2025;Aug 2, 2025;93.19;87.05;84.25;93.19;93.19;64.79;90.77;82.51;88.13;101.04;79.59;90.68;89.43;-;110.85;93.67;102.83
Aug 2, 2025;Aug 3, 2025;67.15;64.96;59.26;67.22;67.58;42.79;65.71;63.70;65.24;83.01;62.92;71.00;66.12;-;109.63;67.30;73.11
Aug 3, 2025;Aug 4, 2025;42.25;44.76;40.31;42.50;41.61;30.48;42.49;47.86;40.81;84.80;38.75;42.83;39.86;-;87.65;43.60;53.32
Aug 4, 2025;Aug 5, 2025;63.46;62.11;57.62;47.39;58.47;47.01;61.73;57.05;64.02;98.99;54.11;71.26;65.62;-;111.91;75.34;85.46
Aug 5, 2025;Aug 6, 2025;36.05;29.94;22.28;-0.09;5.53;12.10;31.83;18.88;43.88;95.53;0.38;55.28;43.75;-;105.40;58.03;60.95
Aug 6, 2025;Aug 7, 2025;61.94;49.50;58.96;21.55;30.44;49.43;63.33;33.79;60.99;76.77;2.63;83.78;62.81;-;107.78;71.16;71.50
Aug 7, 2025;Aug 8, 2025;71.79;64.01;61.54;70.00;71.40;53.45;68.10;59.91;65.65;81.10;25.28;78.14;69.60;-;110.98;70.57;73.00
Aug 8, 2025;Aug 9, 2025;76.16;70.30;67.52;75.72;76.03;53.86;75.52;66.09;68.62;97.20;41.47;76.35;74.87;-;106.90;81.18;77.96
Aug 9, 2025;Aug 10, 2025;61.42;54.85;48.31;60.32;62.70;38.06;59.22;49.61;61.17;74.66;20.41;66.20;62.67;-;102.73;69.12;73.70
Aug 10, 2025;Aug 11, 2025;46.80;44.19;44.60;50.12;51.25;33.01;47.32;49.71;45.22;47.55;17.35;52.59;47.33;-;101.29;51.35;49.46
Aug 11, 2025;Aug 12, 2025;84.48;77.82;71.45;84.53;84.65;52.11;83.02;79.23;80.92;88.38;70.18;77.13;84.38;-;115.32;85.45;85.58
Aug 12, 2025;Aug 13, 2025;84.95;84.57;82.95;85.02;85.12;79.84;83.82;81.72;79.72;94.20;84.22;86.67;87.04;-;113.10;95.60;90.86
Aug 13, 2025;Aug 14, 2025;99.83;97.22;99.58;99.83;100.00;96.56;99.25;90.17;91.99;99.17;100.00;96.98;95.90;-;117.60;95.02;100.15
Aug 14, 2025;Aug 15, 2025;105.06;100.96;97.49;104.99;105.05;89.68;103.68;91.28;102.41;109.60;102.80;98.42;105.17;-;114.51;105.99;108.77
Aug 15, 2025;Aug 16, 2025;73.61;70.46;68.94;69.62;72.13;57.97;73.20;66.95;71.55;75.46;69.82;76.04;73.38;-;109.14;72.92;73.21
Aug 16, 2025;Aug 17, 2025;60.93;59.14;58.40;60.08;60.73;47.26;62.11;60.03;63.28;65.21;43.84;66.75;62.81;-;113.08;65.92;78.85
Aug 17, 2025;Aug 18, 2025;64.05;60.19;60.58;64.51;64.19;40.96;66.19;63.96;61.44;64.55;50.51;62.05;63.16;-;104.78;61.08;63.04
Aug 18, 2025;Aug 19, 2025;91.53;88.96;85.41;91.39;92.13;69.97;87.23;82.72;90.07;109.51;91.00;87.37;91.77;-;109.42;90.13;91.34
Aug 19, 2025;Aug 20, 2025;82.39;83.13;76.08;82.31;82.32;71.24;77.88;76.66;86.66;101.81;77.94;93.19;88.32;-;102.34;92.46;91.94
Aug 20, 2025;Aug 21, 2025;91.01;86.56;81.74;89.40;89.49;64.11;86.05;86.45;89.43;92.34;85.46;96.40;91.23;-;109.63;89.80;90.68
Aug 21, 2025;Aug 22, 2025;92.68;86.79;75.36;91.24;92.52;32.73;86.33;88.65;96.54;104.16;92.35;97.90;96.89;-;107.81;96.52;98.82
Aug 22, 2025;Aug 23, 2025;73.69;74.47;84.77;63.96;71.69;50.72;85.23;77.57;72.16;78.57;72.32;88.75;73.39;-;104.14;71.62;73.24
Aug 23, 2025;Aug 24, 2025;67.88;67.22;68.97;68.13;66.64;63.19;69.17;67.88;68.55;74.81;59.10;65.54;67.46;-;99.06;68.66;70.74
Aug 24, 2025;Aug 25, 2025;63.05;61.88;63.00;63.76;63.61;57.39;63.51;63.77;62.85;62.08;56.03;62.68;62.02;-;96.37;62.33;61.41
Aug 25, 2025;Aug 26, 2025;89.09;85.60;85.00;88.99;89.00;75.93;86.44;87.37;87.39;89.27;82.18;81.50;88.53;-;115.74;87.53;88.03
Aug 26, 2025;Aug 27, 2025;99.79;96.20;86.92;101.28;103.48;76.94;91.85;97.59;97.96;106.47;102.75;92.83;100.13;-;115.00;98.26;97.17
Aug 27, 2025;Aug 28, 2025;104.62;101.23;96.57;104.90;107.66;87.50;99.35;98.63;102.56;106.82;107.50;97.46;104.63;-;117.66;101.64;99.97
Aug 28, 2025;Aug 29, 2025;115.89;98.29;88.76;115.92;116.47;58.88;99.73;102.83;69.67;100.24;115.67;111.68;101.32;-;122.06;81.97;83.60
Aug 29, 2025;Aug 30, 2025;94.12;87.59;69.53;94.34;97.72;35.26;84.02;89.57;96.02;111.77;97.10;89.77;98.37;-;115.10;95.99;96.03
Aug 30, 2025;Aug 31, 2025;70.20;68.81;54.45;68.89;72.58;35.57;64.62;66.52;72.06;102.05;72.27;75.65;72.25;-;88.83;74.98;73.75
Aug 31, 2025;Sep 1, 2025;57.62;55.53;37.78;56.67;59.41;18.88;53.38;54.37;56.05;99.91;59.20;57.04;58.20;-;82.94;55.82;57.28
Sep 1, 2025;Sep 2, 2025;101.46;88.22;68.20;99.99;101.10;33.46;84.37;80.25;98.03;106.76;99.46;96.92;101.92;-;109.89;99.89;101.48
Sep 2, 2025;Sep 3, 2025;122.09;99.98;71.78;121.42;122.68;28.09;90.98;82.97;114.29;126.15;120.95;99.64;120.88;-;109.72;110.76;112.73
Sep 3, 2025;Sep 4, 2025;65.67;67.92;39.81;59.63;69.04;18.49;61.35;56.82;79.35;121.47;69.03;91.10;80.98;-;103.74;84.80;94.00
Sep 4, 2025;Sep 5, 2025;87.61;77.87;54.51;80.50;81.69;30.64;69.60;54.63;96.57;114.57;75.04;104.34;94.49;-;109.54;99.13;102.29
Sep 5, 2025;Sep 6, 2025;99.92;93.17;84.37;99.92;99.91;56.70;93.14;76.66;100.63;111.75;96.86;103.08;101.88;-;108.14;102.72;110.76
Sep 6, 2025;Sep 7, 2025;75.45;69.21;53.17;75.51;75.94;20.94;69.29;61.17;75.57;111.59;66.63;76.24;75.21;-;92.66;78.40;89.59
Sep 7, 2025;Sep 8, 2025;42.13;45.40;24.34;44.39;53.43;13.24;38.66;40.98;45.08;94.97;46.97;50.26;47.11;-;92.54;46.81;53.02
Sep 8, 2025;Sep 9, 2025;123.56;110.39;99.73;116.00;123.64;66.02;118.99;81.13;123.98;135.61;119.46;104.19;125.50;-;117.32;124.70;130.57
Sep 9, 2025;Sep 10, 2025;142.45;121.09;104.10;141.33;142.29;51.58;134.90;86.82;139.13;137.90;136.31;117.62;140.01;-;114.49;138.86;148.86
Sep 10, 2025;Sep 11, 2025;125.95;100.72;84.16;122.10;124.35;13.86;115.45;68.23;121.42;124.88;95.18;112.14;126.13;-;119.70;119.80;128.48
Sep 11, 2025;Sep 12, 2025;72.18;67.96;38.55;62.46;72.38;10.10;65.71;48.83;92.25;120.03;46.91;101.87;88.52;-;113.00;105.49;128.20
Sep 12, 2025;Sep 13, 2025;54.13;59.09;32.87;39.13;48.07;18.19;47.40;35.67;91.03;110.44;41.99;99.24;85.93;-;112.97;100.33;112.53
Sep 13, 2025;Sep 14, 2025;60.96;56.89;35.49;42.37;60.88;9.69;54.57;36.91;66.24;120.66;39.75;91.29;67.89;-;100.87;66.85;70.22
Sep 14, 2025;Sep 15, 2025;71.72;62.94;41.02;70.59;72.85;15.07;64.44;56.57;66.43;102.02;56.80;72.87;73.72;-;83.37;65.57;71.11
Sep 15, 2025;Sep 16, 2025;8.83;36.09;4.24;3.05;12.99;3.38;8.99;13.99;67.98;98.17;13.70;96.35;74.13;-;110.73;74.58;101.97
Sep 16, 2025;Sep 17, 2025;19.52;46.81;24.35;4.00;24.35;26.75;26.98;26.12;90.63;75.40;20.19;94.84;101.34;-;108.78;108.29;125.80
Sep 17, 2025;Sep 18, 2025;75.34;72.10;76.15;32.63;68.02;59.35;82.66;60.55;77.81;97.40;61.04;98.36;79.10;-;109.34;80.79;89.49
Sep 18, 2025;Sep 19, 2025;65.73;66.37;59.50;31.18;63.01;51.39;63.18;50.15;73.34;125.28;49.85;88.33;74.87;-;111.68;74.73;79.51
Sep 19, 2025;Sep 20, 2025;96.48;79.69;84.15;53.71;94.55;53.57;94.93;55.50;96.28;110.53;32.71;104.54;96.10;-;115.90;93.96;96.40
Sep 20, 2025;Sep 21, 2025;58.71;52.81;49.03;59.33;59.50;20.00;58.36;50.05;58.98;73.07;13.85;79.79;58.98;-;106.08;63.17;65.89
Sep 21, 2025;Sep 22, 2025;32.18;29.16;28.68;8.90;29.44;15.90;31.99;23.47;29.61;36.29;5.28;80.88;30.38;-;98.96;30.77;35.46
Sep 22, 2025;Sep 23, 2025;97.50;75.65;66.71;41.68;94.88;13.12;91.82;70.76;100.55;117.39;31.92;101.73;101.54;-;115.30;92.33;95.35
Sep 23, 2025;Sep 24, 2025;103.09;91.87;94.35;103.09;102.94;14.16;102.77;74.65;107.57;135.34;61.45;104.37;109.86;-;115.77;110.98;122.20
Sep 24, 2025;Sep 25, 2025;79.19;78.63;67.72;79.19;83.20;31.59;74.98;69.79;103.64;98.36;79.59;99.26;77.64;-;113.42;103.11;111.87
Sep 25, 2025;Sep 26, 2025;81.81;82.68;77.29;81.84;81.90;62.78;75.90;71.88;98.89;81.94;80.86;102.32;93.88;-;105.98;99.43;99.31
Sep 26, 2025;Sep 27, 2025;94.96;89.66;92.78;64.44;92.47;86.77;94.10;76.24;102.09;83.81;85.06;110.37;98.14;-;108.08;101.59;100.09
Sep 27, 2025;Sep 28, 2025;92.80;81.12;79.36;81.04;89.83;54.16;88.04;69.77;93.82;93.37;52.62;97.47;92.90;-;105.09;93.69;94.18
Sep 28, 2025;Sep 29, 2025;87.18;75.13;73.82;86.87;86.91;46.58;83.20;65.37;85.08;88.90;39.92;84.51;85.32;-;91.45;87.03;100.17
Sep 29, 2025;Sep 30, 2025;130.57;109.34;99.34;130.29;130.39;58.34;119.48;81.56;131.53;131.44;82.41;109.57;128.38;-;108.49;130.97;136.17
Sep 30, 2025;Oct 1, 2025;136.17;114.62;98.56;135.39;136.06;60.32;123.26;74.16;140.74;140.77;102.91;114.85;133.77;-;111.66;150.20;150.33
Oct 1, 2025;Oct 2, 2025;116.57;105.32;100.17;116.03;116.59;63.77;111.34;70.35;120.75;124.37;106.84;110.85;117.49;-;116.96;121.57;123.44
Oct 2, 2025;Oct 3, 2025;102.70;94.51;84.85;97.04;103.07;57.56;95.35;67.61;111.14;113.65;101.44;101.72;106.16;-;108.17;111.01;112.86
Oct 3, 2025;Oct 4, 2025;66.76;69.66;59.52;29.00;66.39;46.58;72.35;47.64;92.78;113.57;59.03;98.40;81.03;-;101.06;92.76;94.83
Oct 4, 2025;Oct 5, 2025;-0.29;25.02;0.16;-0.04;0.56;4.62;-1.11;4.07;83.68;60.46;0.53;91.55;30.78;-;96.98;91.73;102.70
Oct 5, 2025;Oct 6, 2025;1.73;21.47;7.48;2.07;4.44;9.41;7.51;4.43;61.16;29.66;4.36;73.47;32.21;-;78.23;62.28;73.49
Oct 6, 2025;Oct 7, 2025;86.18;86.05;82.50;81.42;85.83;69.74;83.81;62.94;107.03;92.46;87.00;99.66;94.18;-;101.44;113.14;134.88
Oct 7, 2025;Oct 8, 2025;137.96;120.48;117.72;135.14;137.74;89.03;129.99;79.63;137.18;140.30;108.44;111.56;138.54;-;116.74;136.75;138.18
Oct 8, 2025;Oct 9, 2025;117.58;106.71;109.84;116.67;117.28;95.45;115.00;71.14;117.92;124.32;74.23;114.54;117.38;-;118.81;118.14;120.51
Oct 9, 2025;Oct 10, 2025;104.91;94.08;99.27;85.61;88.17;83.48;102.19;65.14;111.00;112.70;68.04;114.45;104.79;-;124.59;116.71;129.09
Oct 10, 2025;Oct 11, 2025;96.41;80.20;93.97;63.74;63.46;83.05;95.17;56.48;102.33;93.85;29.19;107.75;93.24;-;119.77;110.32;132.63
Oct 11, 2025;Oct 12, 2025;90.69;79.74;91.52;76.48;76.06;68.48;96.32;63.27;92.13;103.38;24.14;94.01;91.38;-;100.28;92.30;92.94
Oct 12, 2025;Oct 13, 2025;89.19;77.61;83.95;83.11;82.75;60.08;89.73;67.71;92.51;94.71;18.04;92.24;88.89;-;104.84;94.24;102.01
Oct 13, 2025;Oct 14, 2025;139.05;119.60;109.55;137.18;138.93;78.52;126.46;76.35;140.91;136.67;114.18;121.71;135.10;-;123.46;147.93;172.15
Oct 14, 2025;Oct 15, 2025;156.14;141.48;120.86;155.85;167.56;95.11;144.58;97.61;162.23;164.87;168.83;121.51;157.23;-;124.33;167.06;190.63
Oct 15, 2025;Oct 16, 2025;145.72;126.41;117.20;136.44;145.35;89.86;131.26;72.95;157.54;145.95;126.35;124.70;142.88;-;127.96;162.14;185.23
Oct 16, 2025;Oct 17, 2025;100.00;98.33;95.55;93.29;98.43;86.40;96.26;68.14;114.27;115.22;93.89;117.74;102.49;-;122.09;116.70;126.45
Oct 17, 2025;Oct 18, 2025;104.41;101.41;100.39;101.89;103.79;91.51;101.94;71.16;114.83;122.44;85.29;114.55;107.74;-;117.19;117.14;124.88
Oct 18, 2025;Oct 19, 2025;95.74;89.72;88.90;95.53;95.59;75.89;92.26;74.06;105.82;93.95;69.17;102.98;92.81;-;111.23;108.71;121.13
Oct 19, 2025;Oct 20, 2025;75.35;73.20;63.34;69.45;74.12;34.19;69.85;62.74;90.53;100.10;63.57;96.83;80.43;-;101.45;93.23;100.64
Oct 20, 2025;Oct 21, 2025;82.26;76.56;63.65;66.70;71.22;32.81;78.03;62.86;109.41;94.33;58.55;114.41;90.23;-;121.90;120.26;161.16
Oct 21, 2025;Oct 22, 2025;67.81;72.51;59.91;58.68;59.24;56.66;65.00;56.28;124.96;85.98;27.11;116.90;86.90;-;128.40;128.29;152.24
Oct 22, 2025;Oct 23, 2025;125.07;105.31;106.82;109.69;114.98;67.07;115.81;69.34;134.61;136.15;49.61;124.81;129.46;-;128.53;134.99;137.59
Oct 23, 2025;Oct 24, 2025;82.27;81.48;62.78;80.60;85.62;10.45;83.39;70.91;111.85;115.06;64.71;114.91;96.04;-;119.49;109.83;112.14
Oct 24, 2025;Oct 25, 2025;32.32;60.86;35.24;38.02;38.01;37.42;35.86;38.37;98.39;109.23;37.12;104.45;97.38;-;106.02;92.00;98.85
Oct 25, 2025;Oct 26, 2025;11.22;38.38;14.57;12.23;11.58;17.32;15.33;21.25;89.87;83.32;11.17;98.90;46.68;-;97.28;80.19;99.39
Oct 26, 2025;Oct 27, 2025;6.52;33.59;14.55;12.29;11.22;16.06;16.08;19.61;77.12;53.32;10.76;75.19;63.25;-;85.97;65.54;73.98
Oct 27, 2025;Oct 28, 2025;68.40;75.71;60.11;68.77;69.08;47.66;66.77;59.97;105.42;96.51;70.23;104.05;84.20;-;106.49;102.30;115.51
Oct 28, 2025;Oct 29, 2025;66.67;75.83;62.91;67.57;72.94;56.17;66.96;62.57;100.20;87.80;73.47;106.90;76.67;-;110.69;100.18;119.16
Oct 29, 2025;Oct 30, 2025;87.72;90.66;86.66;84.50;87.35;83.40;89.42;72.59;99.91;102.15;86.36;109.87;95.05;-;114.61;99.12;100.41
Oct 30, 2025;Oct 31, 2025;69.41;76.16;68.91;70.03;69.92;53.26;78.57;64.03;103.74;92.98;47.91;105.52;82.86;-;117.25;101.83;103.92
Oct 31, 2025;Nov 1, 2025;93.24;83.57;66.94;82.55;92.46;22.31;83.91;65.04;106.69;115.06;72.43;108.93;102.99;-;124.50;114.87;131.90
Nov 1, 2025;Nov 2, 2025;47.63;51.06;38.43;40.55;41.96;27.12;43.48;40.01;75.10;70.41;26.18;91.45;66.95;-;104.75;73.47;83.76
Nov 2, 2025;Nov 3, 2025;85.91;74.64;66.66;77.55;82.13;25.10;75.54;61.46;94.81;106.74;49.08;89.63;92.40;-;104.11;93.87;93.54
Nov 3, 2025;Nov 4, 2025;78.29;78.12;64.63;69.89;75.82;46.19;75.25;60.91;90.73;127.34;61.09;96.99;90.48;-;110.41;100.76;128.17
Nov 4, 2025;Nov 5, 2025;73.55;63.68;53.42;50.83;59.79;20.95;70.10;46.21;89.93;110.65;8.98;102.39;87.28;-;105.24;99.81;127.57
Nov 5, 2025;Nov 6, 2025;93.43;77.13;69.71;80.40;89.15;21.47;84.61;65.56;101.26;106.06;26.39;109.58;94.22;-;112.88;106.63;126.43
Nov 6, 2025;Nov 7, 2025;106.21;92.77;97.35;104.04;106.02;62.30;101.04;69.90;107.81;109.92;43.00;115.12;104.03;-;115.45;113.65;132.87
Nov 7, 2025;Nov 8, 2025;110.80;97.12;92.24;108.76;110.57;66.64;103.53;70.11;110.27;112.69;67.93;115.17;110.40;-;116.35;114.17;124.14
Nov 8, 2025;Nov 9, 2025;106.46;93.48;92.22;106.15;106.45;56.09;99.55;68.16;110.83;110.93;62.45;108.10;107.33;-;109.91;112.06;112.66
Nov 9, 2025;Nov 10, 2025;99.00;90.28;89.13;98.94;98.92;60.37;93.52;68.31;105.47;109.98;60.35;105.21;102.93;-;107.57;105.82;105.58
Nov 10, 2025;Nov 11, 2025;109.89;101.57;82.78;108.56;112.50;49.13;97.57;71.19;121.85;135.44;98.06;118.94;121.26;-;115.62;122.69;126.13
Nov 11, 2025;Nov 12, 2025;96.89;85.87;71.19;86.53;89.17;22.82;85.93;67.62;116.22;111.12;76.26;113.70;104.04;-;113.88;112.28;113.15
Nov 12, 2025;Nov 13, 2025;80.32;72.33;67.28;53.98;48.87;21.23;73.10;55.42;118.75;118.13;28.97;114.29;95.63;-;114.18;121.96;137.21
Nov 13, 2025;Nov 14, 2025;69.85;67.92;64.28;59.10;43.79;31.59;75.79;51.19;123.38;68.85;27.35;113.29;88.54;-;125.16;126.42;139.40
Nov 14, 2025;Nov 15, 2025;106.73;93.29;80.31;97.27;100.12;26.00;93.34;73.71;121.59;126.14;76.56;115.69;115.47;-;115.77;122.92;132.01
Nov 15, 2025;Nov 16, 2025;90.70;82.13;77.19;80.71;82.10;31.28;83.00;72.82;109.99;113.38;44.99;109.29;98.63;-;111.68;111.23;116.47
Nov 16, 2025;Nov 17, 2025;101.44;88.30;85.00;92.75;92.93;36.92;91.49;78.90;109.20;106.65;68.01;105.68;103.78;-;111.32;109.65;108.63
Nov 17, 2025;Nov 18, 2025;94.71;93.05;89.51;86.63;88.30;63.59;84.49;84.44;104.72;118.04;85.98;114.98;102.83;-;108.79;105.40;106.79
Nov 18, 2025;Nov 19, 2025;101.97;104.16;99.11;102.52;107.25;88.06;99.62;99.06;108.84;110.28;108.30;117.51;105.22;-;116.72;108.27;108.53
Nov 19, 2025;Nov 20, 2025;102.53;110.12;98.74;104.96;120.75;87.58;99.64;99.66;122.75;124.91;120.23;121.80;110.30;-;120.51;119.57;120.27
Nov 20, 2025;Nov 21, 2025;125.99;123.81;116.63;125.29;125.43;102.19;122.61;121.83;132.15;138.09;124.89;123.56;129.19;-;131.94;131.60;133.32
Nov 21, 2025;Nov 22, 2025;146.48;140.74;133.62;145.70;144.99;112.72;141.46;140.61;146.60;148.39;144.53;142.33;147.15;-;138.21;145.71;147.47
Nov 22, 2025;Nov 23, 2025;91.25;91.52;91.38;80.47;73.07;86.16;88.12;79.09;103.42;131.73;54.34;116.73;102.23;-;117.17;105.07;108.65
Nov 23, 2025;Nov 24, 2025;71.43;80.88;71.77;64.61;56.52;69.91;72.71;69.82;99.40;123.40;56.28;116.56;88.74;-;109.27;96.33;99.96
Nov 24, 2025;Nov 25, 2025;132.36;130.21;111.33;126.70;135.44;77.94;122.12;102.77;148.21;190.30;139.79;125.91;151.76;-;137.77;150.61;161.30
Nov 25, 2025;Nov 26, 2025;220.52;183.30;108.05;207.79;224.06;70.00;147.57;176.43;206.65;257.75;223.37;167.32;227.31;-;152.25;200.88;225.82
Nov 26, 2025;Nov 27, 2025;161.52;148.51;132.84;161.52;161.53;96.32;151.69;138.34;159.13;138.29;160.93;171.42;161.63;-;152.70;158.63;160.63
Nov 27, 2025;Nov 28, 2025;91.18;92.14;89.29;72.65;67.78;83.93;83.48;70.99;109.63;135.27;68.14;122.01;110.40;-;120.94;110.98;116.40
Nov 28, 2025;Nov 29, 2025;85.05;83.75;81.90;58.68;46.30;78.10;81.24;62.23;117.29;128.92;35.20;116.60;114.76;-;122.80;115.18;119.61
Nov 29, 2025;Nov 30, 2025;90.19;84.42;86.97;72.68;69.01;73.81;87.59;68.73;108.21;121.38;16.63;114.78;108.87;-;114.28;108.77;111.04
Nov 30, 2025;Dec 1, 2025;84.15;80.37;82.71;60.01;50.14;78.33;82.82;65.55;106.40;110.34;37.67;108.80;101.30;-;109.83;102.81;102.87
Dec 1, 2025;Dec 2, 2025;93.43;100.25;89.75;70.41;60.01;77.99;82.97;70.29;135.08;202.77;56.30;124.21;132.97;-;131.03;139.54;154.40
Dec 2, 2025;Dec 3, 2025;100.37;103.25;91.93;82.07;78.21;83.13;86.00;70.94;139.65;166.91;66.06;130.97;139.85;-;133.41;138.51;145.88
Dec 3, 2025;Dec 4, 2025;164.81;134.88;119.00;144.87;162.80;89.92;132.38;90.74;164.72;168.89;104.19;139.70;166.47;-;145.46;160.88;164.93
Dec 4, 2025;Dec 5, 2025;124.86;114.85;101.82;122.68;123.80;76.17;97.59;92.81;131.52;141.59;111.17;133.67;130.50;-;131.86;129.87;132.31
Dec 5, 2025;Dec 6, 2025;133.29;119.10;107.88;130.50;138.94;80.01;115.46;77.41;131.54;136.33;120.01;138.47;133.52;-;132.43;130.28;132.79
Dec 6, 2025;Dec 7, 2025;79.61;77.93;67.07;73.00;73.36;25.16;73.05;71.11;103.68;117.14;50.97;106.05;96.63;-;108.13;101.39;102.05
Dec 7, 2025;Dec 8, 2025;80.39;76.86;62.13;80.09;80.09;20.18;74.87;69.38;101.17;107.25;57.46;103.15;89.63;-;104.03;95.59;94.90
Dec 8, 2025;Dec 9, 2025;70.64;73.39;63.86;52.93;53.14;34.75;65.65;59.24;109.42;110.44;47.80;105.54;104.54;-;105.72;105.39;106.54
Dec 9, 2025;Dec 10, 2025;91.57;87.31;77.31;81.76;86.44;28.79;82.67;77.76;116.44;111.57;72.39;117.97;107.33;-;114.43;114.61;114.67
Dec 10, 2025;Dec 11, 2025;78.50;78.07;74.30;54.27;51.60;67.45;75.27;55.39;120.33;109.12;36.87;116.81;97.34;-;118.81;112.80;122.75
Dec 11, 2025;Dec 12, 2025;94.46;83.23;90.49;53.88;54.49;79.89;91.14;58.30;118.48;103.77;45.64;116.59;102.90;-;117.42;113.92;118.52
Dec 12, 2025;Dec 13, 2025;113.44;107.29;104.23;108.38;111.81;83.51;106.19;91.92;120.00;118.54;101.02;117.66;116.95;-;115.46;119.29;119.24
Dec 13, 2025;Dec 14, 2025;95.92;90.52;90.50;86.80;87.20;76.40;92.09;65.58;108.08;107.81;72.15;107.40;101.71;-;107.48;106.06;105.99
Dec 14, 2025;Dec 15, 2025;86.21;72.84;82.01;41.74;38.30;69.58;83.36;47.93;103.46;97.91;33.57;106.44;96.88;-;106.92;98.85;99.44
Dec 15, 2025;Dec 16, 2025;87.40;86.36;83.76;67.03;67.78;73.88;84.55;56.63;118.38;116.66;59.66;114.78;106.83;-;116.72;117.20;118.87
Dec 16, 2025;Dec 17, 2025;106.74;106.80;102.20;105.04;105.98;91.58;104.85;77.64;127.35;129.58;88.91;121.31;120.37;-;122.32;127.39;140.60
Dec 17, 2025;Dec 18, 2025;106.40;105.16;99.61;103.83;106.00;85.00;101.38;72.61;132.60;123.80;94.96;119.26;117.74;-;119.71;125.91;129.33
Dec 18, 2025;Dec 19, 2025;74.22;80.59;64.41;58.75;61.97;34.25;72.03;55.56;136.17;117.43;61.62;120.97;103.31;-;119.63;129.85;146.93
Dec 19, 2025;Dec 20, 2025;70.07;73.45;69.07;47.06;56.16;67.58;68.48;45.58;123.84;101.49;8.56;119.22;100.90;-;118.63;119.91;134.46
Dec 20, 2025;Dec 21, 2025;103.06;88.40;93.51;96.51;98.47;70.16;97.60;65.98;111.16;113.87;11.42;106.46;107.28;-;111.29;110.76;110.21
Dec 21, 2025;Dec 22, 2025;91.57;88.65;83.18;90.31;90.61;61.48;86.96;68.81;106.42;114.55;65.02;107.64;100.14;-;107.63;105.45;106.35
Dec 22, 2025;Dec 23, 2025;85.55;91.18;82.74;82.57;82.57;72.89;84.78;73.71;110.49;124.72;74.19;113.06;101.24;-;113.72;110.63;114.66
Dec 23, 2025;Dec 24, 2025;74.73;86.12;76.12;74.54;74.54;76.29;77.00;68.85;107.78;111.21;70.66;113.91;96.47;-;113.74;103.69;110.33
Dec 24, 2025;Dec 25, 2025;69.38;74.30;60.83;69.46;69.76;37.37;66.05;66.24;96.83;90.57;70.12;104.84;85.23;-;110.60;92.01;90.75
Dec 25, 2025;Dec 26, 2025;69.75;70.99;63.32;69.80;69.75;47.43;66.45;63.89;90.33;96.77;30.00;101.07;82.07;-;106.80;86.39;86.67
Dec 26, 2025;Dec 27, 2025;97.53;90.36;94.69;97.53;97.54;87.37;96.13;73.59;98.46;101.37;48.36;100.97;97.94;-;107.33;98.59;98.28
Dec 27, 2025;Dec 28, 2025;91.44;79.69;88.64;81.57;75.25;80.47;90.29;67.55;95.76;94.46;0.68;104.47;97.43;-;102.99;96.60;97.76
Dec 28, 2025;Dec 29, 2025;92.77;80.69;90.57;80.74;72.29;84.07;92.46;70.80;94.10;88.42;17.56;101.57;95.07;-;104.38;93.92;94.06
Dec 29, 2025;Dec 30, 2025;94.35;84.65;95.18;74.30;57.37;94.47;96.22;70.05;98.95;99.33;35.99;109.15;100.17;-;113.66;101.45;108.64
Dec 30, 2025;Dec 31, 2025;87.76;84.15;86.90;86.90;72.01;84.37;87.29;82.93;89.88;83.46;52.10;109.07;90.71;-;109.05;90.52;89.77
Dec 31, 2025;Jan 1, 2026;87.31;91.18;88.85;86.23;86.28;89.07;87.46;85.68;93.22;104.68;79.47;104.53;97.52;-;109.85;95.43;100.12
Jan 1, 2026;Jan 2, 2026;9.75;48.79;51.75;17.22;14.58;48.68;47.35;57.26;63.56;29.13;13.52;105.38;88.24;-;106.44;67.58;72.77
Jan 2, 2026;Jan 3, 2026;54.69;71.87;72.15;57.07;55.00;68.04;63.20;68.42;81.99;64.19;52.37;105.54;102.60;-;105.78;83.56;85.95
Jan 3, 2026;Jan 4, 2026;88.67;88.55;88.72;88.65;81.68;89.00;88.59;86.00;93.58;87.87;76.92;100.86;92.19;-;104.33;92.94;93.16
Jan 4, 2026;Jan 5, 2026;94.44;95.54;94.29;94.44;93.85;94.06;94.33;92.68;95.76;94.81;93.11;108.67;94.99;-;106.66;95.47;95.42
Jan 5, 2026;Jan 6, 2026;134.41;135.31;132.85;134.60;140.21;128.21;133.59;131.49;137.39;142.40;139.78;130.08;137.81;-;122.62;137.94;138.71
Jan 6, 2026;Jan 7, 2026;127.42;127.33;127.87;127.43;133.62;127.40;124.67;122.90;128.85;131.59;127.09;121.18;128.04;-;115.06;128.25;128.52
Jan 7, 2026;Jan 8, 2026;99.40;115.10;103.85;98.44;96.95;105.34;95.00;96.15;130.78;192.31;94.05;121.55;131.73;-;121.27;131.72;141.60
Jan 8, 2026;Jan 9, 2026;154.12;148.80;133.13;154.04;151.26;108.16;149.82;151.71;166.03;193.42;120.96;141.92;166.35;-;133.73;162.34;168.97
Jan 9, 2026;Jan 10, 2026;78.70;96.43;77.77;78.40;78.77;70.61;82.80;81.65;139.15;134.87;78.39;121.93;116.34;-;129.87;134.59;145.30
Jan 10, 2026;Jan 11, 2026;97.56;103.94;93.27;97.38;97.30;80.40;95.34;95.54;128.03;131.09;93.57;117.83;113.55;-;117.73;125.03;126.19
Jan 11, 2026;Jan 12, 2026;95.78;96.56;93.29;95.75;98.83;87.87;92.70;91.85;100.92;97.40;92.81;112.62;98.07;-;109.44;99.27;100.66
Jan 12, 2026;Jan 13, 2026;104.35;129.24;94.07;89.86;113.62;86.49;88.79;91.15;170.62;258.77;134.33;125.71;168.25;-;133.13;180.21;201.58
Jan 13, 2026;Jan 14, 2026;105.71;135.45;100.33;105.14;105.85;90.05;98.18;101.29;211.50;263.98;102.70;131.82;179.06;-;136.76;218.08;252.97
Jan 14, 2026;Jan 15, 2026;118.14;122.07;115.84;117.06;112.93;112.49;114.09;105.71;165.03;127.68;100.42;140.08;131.43;-;142.02;166.15;182.07
Jan 15, 2026;Jan 16, 2026;101.46;119.14;100.14;101.11;101.30;97.58;97.60;98.03;170.94;173.28;93.37;137.91;139.33;-;142.97;169.21;186.82
Jan 16, 2026;Jan 17, 2026;109.73;114.76;114.67;94.61;102.14;112.85;107.63;86.59;153.16;129.86;74.52;140.52;145.77;-;141.17;150.68;153.38
Jan 17, 2026;Jan 18, 2026;112.26;114.04;113.99;112.22;112.22;112.74;110.06;102.20;123.20;120.57;105.85;126.08;115.28;-;125.69;119.49;119.22
Jan 18, 2026;Jan 19, 2026;109.37;110.18;111.32;108.02;108.02;110.44;107.98;101.98;114.67;113.66;100.68;125.24;110.00;-;131.25;114.59;118.38
Jan 19, 2026;Jan 20, 2026;139.99;139.24;137.02;141.11;140.03;134.34;138.98;133.09;142.46;140.34;135.59;150.54;138.15;-;150.64;145.65;161.19
Jan 20, 2026;Jan 21, 2026;156.17;142.30;119.88;163.26;165.26;101.64;122.76;123.79;157.24;140.35;163.61;155.99;151.51;-;152.41;159.85;183.92
Jan 21, 2026;Jan 22, 2026;117.00;122.34;106.63;104.53;114.13;87.74;107.01;106.15;159.05;166.69;109.21;146.58;138.02;-;153.41;155.07;159.66
Jan 22, 2026;Jan 23, 2026;105.28;120.23;103.16;81.44;99.60;88.62;102.42;97.67;218.65;138.99;97.84;155.11;138.98;-;158.55;205.25;248.21
Jan 23, 2026;Jan 24, 2026;110.29;126.60;109.87;97.08;106.91;102.76;109.29;106.38;201.40;148.69;106.51;158.04;145.70;-;158.73;194.07;229.77
Jan 24, 2026;Jan 25, 2026;111.96;116.53;110.66;105.85;109.22;104.31;111.30;108.15;140.24;126.87;107.70;137.38;120.18;-;139.32;136.56;141.45
Jan 25, 2026;Jan 26, 2026;111.93;113.17;109.67;111.02;111.05;99.86;110.52;108.30;120.87;118.26;107.75;132.10;115.45;-;129.23;119.20;118.99
Jan 26, 2026;Jan 27, 2026;141.31;142.69;136.93;132.58;140.42;116.60;138.25;133.31;154.87;171.73;140.68;149.79;154.46;-;150.31;155.77;161.87
Jan 27, 2026;Jan 28, 2026;130.61;140.82;117.47;122.69;141.19;94.49;117.16;117.17;159.32;221.18;140.94;153.25;164.20;-;152.51;167.12;184.38
Jan 28, 2026;Jan 29, 2026;136.83;143.21;135.83;132.30;136.15;126.52;135.83;132.22;154.33;180.48;136.21;151.57;153.84;-;155.01;155.70;163.25
Jan 29, 2026;Jan 30, 2026;132.40;133.36;131.00;123.01;131.76;117.23;126.06;121.71;144.08;149.11;132.03;151.09;139.92;-;149.34;143.27;144.34
Jan 30, 2026;Jan 31, 2026;113.69;118.58;113.90;98.83;111.75;104.04;110.92;109.81;135.20;138.38;111.58;144.23;125.77;-;140.77;133.03;136.38
Jan 31, 2026;Feb 1, 2026;109.39;109.10;112.76;87.83;100.82;111.61;113.11;103.30;121.76;113.17;92.82;129.55;113.33;-;131.75;118.08;117.57
Feb 1, 2026;Feb 2, 2026;108.59;106.88;111.27;90.80;104.99;110.05;112.45;104.20;111.24;109.88;92.04;118.87;109.91;-;118.09;110.53;110.77
Feb 2, 2026;Feb 3, 2026;107.74;119.10;110.32;101.68;108.34;109.93;108.75;108.87;136.20;144.38;107.52;143.60;130.53;-;140.34;137.92;157.56
Feb 3, 2026;Feb 4, 2026;98.48;112.30;98.40;94.68;115.45;86.94;97.24;103.61;131.73;125.98;115.59;138.55;127.11;-;140.30;131.82;145.66
Feb 4, 2026;Feb 5, 2026;102.95;111.60;100.98;92.03;103.99;88.65;101.17;102.30;133.69;135.64;105.04;136.81;127.30;-;136.36;130.61;132.57
Feb 5, 2026;Feb 6, 2026;110.54;109.88;101.29;97.38;112.03;70.25;102.64;106.76;131.44;122.83;112.49;131.28;120.28;-;131.17;127.47;126.23
Feb 6, 2026;Feb 7, 2026;121.88;118.19;109.88;115.55;119.78;69.35;115.23;115.88;134.35;142.45;117.32;129.13;131.20;-;131.77;136.39;138.07
Feb 7, 2026;Feb 8, 2026;107.52;103.47;95.15;106.01;106.29;62.65;101.49;105.15;113.83;115.03;106.11;115.36;111.16;-;115.05;114.24;112.97
Feb 8, 2026;Feb 9, 2026;104.05;102.17;96.74;103.85;104.12;76.61;100.43;104.56;107.97;108.75;104.04;110.36;106.44;-;114.90;107.16;108.42
Feb 9, 2026;Feb 10, 2026;139.28;134.75;123.11;139.64;165.02;83.60;131.60;136.15;143.64;137.97;146.07;133.70;141.74;-;137.23;143.96;142.85
Feb 10, 2026;Feb 11, 2026;116.85;128.51;102.78;118.96;192.23;55.56;107.76;114.41;129.44;142.35;192.20;129.39;128.51;-;129.47;132.20;134.16
Feb 11, 2026;Feb 12, 2026;112.54;106.93;89.75;112.75;129.61;13.61;100.62;111.22;123.96;123.69;127.60;123.53;119.93;-;121.86;124.06;124.09
Feb 12, 2026;Feb 13, 2026;104.54;102.60;87.82;99.09;121.28;16.83;97.99;103.76;118.00;125.29;127.68;116.84;114.02;-;116.19;119.60;118.04
Feb 13, 2026;Feb 14, 2026;106.84;108.29;95.82;107.80;137.47;58.12;102.50;107.04;112.31;111.40;137.45;111.31;110.03;-;111.33;112.44;114.07
Feb 14, 2026;Feb 15, 2026;103.54;100.23;85.31;103.74;121.80;34.12;94.96;104.20;109.24;115.81;115.87;109.01;108.46;-;108.56;106.57;112.16
Feb 15, 2026;Feb 16, 2026;84.24;84.22;70.79;84.27;88.84;15.39;85.06;93.56;97.07;114.12;88.04;92.94;96.33;-;95.52;94.97;102.96
Feb 16, 2026;Feb 17, 2026;94.84;91.09;77.86;91.09;90.87;12.13;93.36;98.44;113.18;113.08;83.83;111.43;116.74;-;114.92;114.42;125.47
Feb 17, 2026;Feb 18, 2026;97.58;105.62;85.53;97.55;182.72;45.73;91.16;98.14;109.48;131.44;99.40;109.40;111.27;-;110.73;110.39;116.08
Feb 18, 2026;Feb 19, 2026;114.15;111.09;86.89;114.92;157.96;29.60;96.87;112.89;122.00;130.73;133.15;114.45;122.51;-;113.51;120.64;128.68
Feb 19, 2026;Feb 20, 2026;92.94;108.89;81.70;94.98;169.84;37.40;84.38;94.42;111.14;130.60;168.33;109.50;115.47;-;116.17;112.69;121.01
Feb 20, 2026;Feb 21, 2026;87.00;89.47;78.86;84.65;89.25;47.09;88.06;90.84;100.42;117.55;80.73;107.73;99.00;-;109.78;98.93;105.75
Feb 21, 2026;Feb 22, 2026;62.51;68.92;54.96;63.76;63.48;16.74;70.76;83.43;84.82;88.18;50.82;99.08;82.10;-;102.76;82.72;81.47
Feb 22, 2026;Feb 23, 2026;53.86;61.26;43.92;57.53;64.55;9.56;54.37;76.60;71.06;85.30;63.18;81.26;66.59;-;89.23;69.51;71.70
Feb 23, 2026;Feb 24, 2026;68.06;78.44;58.38;81.43;86.02;27.68;64.40;91.25;83.15;96.10;85.83;105.46;83.13;-;106.05;85.87;94.96
Feb 24, 2026;Feb 25, 2026;114.79;104.12;89.95;115.65;119.61;31.54;105.66;109.42;111.10;115.76;118.71;113.13;114.79;-;109.52;112.88;115.25
Feb 25, 2026;Feb 26, 2026;93.66;90.46;79.41;94.42;96.85;26.97;87.37;93.10;100.99;113.48;96.90;104.16;101.39;-;107.15;100.38;107.69
Feb 26, 2026;Feb 27, 2026;76.89;74.51;65.75;76.90;75.98;22.75;76.96;82.65;83.44;87.13;67.35;99.56;81.19;-;104.04;83.91;87.06
Feb 27, 2026;Feb 28, 2026;64.92;70.58;55.33;76.16;75.30;12.70;71.25;83.27;73.06;85.95;69.99;100.86;72.49;-;106.99;74.55;76.96
Feb 28, 2026;Mar 1, 2026;53.35;63.99;45.80;73.78;72.53;17.03;58.03;82.03;59.27;69.45;71.14;97.30;57.56;-;105.89;59.88;59.57
Mar 1, 2026;Mar 2, 2026;52.93;58.20;47.53;55.11;53.24;18.32;60.80;78.01;60.04;64.70;49.61;94.21;58.60;-;104.89;60.53;61.15
Mar 2, 2026;Mar 3, 2026;92.87;93.22;77.05;96.90;102.86;29.30;86.69;98.64;104.22;117.16;99.91;109.53;103.17;-;120.12;105.71;109.19
Mar 3, 2026;Mar 4, 2026;106.52;98.53;94.36;100.26;105.63;59.32;105.22;93.73;108.62;107.46;85.75;116.31;107.14;-;125.20;109.53;114.99
Mar 4, 2026;Mar 5, 2026;147.40;129.53;131.59;149.67;147.02;75.06;142.29;108.46;141.22;132.16;107.95;144.55;144.89;-;166.21;137.94;142.64
Mar 5, 2026;Mar 6, 2026;110.86;114.17;104.77;118.14;118.85;83.25;109.93;114.34;114.45;116.58;116.03;144.34;115.16;-;151.99;114.70;126.36
Mar 6, 2026;Mar 7, 2026;123.80;115.80;113.20;124.50;124.28;72.43;121.71;119.17;113.48;106.52;123.84;138.31;116.39;-;140.82;100.53;113.69
Mar 7, 2026;Mar 8, 2026;110.16;105.52;98.96;120.27;119.12;62.04;105.93;113.26;104.11;105.87;120.90;104.98;105.33;-;142.08;102.49;103.25
Mar 8, 2026;Mar 9, 2026;103.13;100.63;101.78;117.62;106.56;77.08;105.39;111.69;100.05;88.55;97.11;103.30;97.82;-;141.54;98.07;96.68
Mar 9, 2026;Mar 10, 2026;135.79;128.55;135.60;138.24;136.03;120.66;137.63;124.44;127.01;111.48;102.15;152.48;128.30;-;155.77;129.93;124.44
Mar 10, 2026;Mar 11, 2026;139.92;131.71;146.22;140.81;139.51;125.03;143.87;132.76;126.65;103.68;100.66;154.54;135.04;-;168.54;121.57;137.27
Mar 11, 2026;Mar 12, 2026;79.25;83.59;74.63;76.22;77.56;54.40;81.80;89.71;93.64;85.22;57.08;139.68;89.60;-;146.85;96.75;111.01
Mar 12, 2026;Mar 13, 2026;69.05;78.69;66.59;50.91;49.96;50.90;68.47;88.71;106.19;111.75;29.65;140.55;101.87;-;143.34;109.75;134.74
Mar 13, 2026;Mar 14, 2026;48.44;70.48;57.56;46.18;49.32;41.56;73.68;81.58;93.16;81.97;23.08;139.87;87.37;-;145.88;91.93;105.96
Mar 14, 2026;Mar 15, 2026;120.73;108.62;120.04;120.77;120.67;109.49;124.68;114.16;91.33;84.03;73.46;140.82;95.32;-;142.92;85.47;84.59
Mar 15, 2026;Mar 16, 2026;100.30;97.79;89.87;96.46;97.27;63.33;96.20;99.23;110.19;110.39;70.43;136.55;105.77;-;126.94;102.61;91.36
Mar 16, 2026;Mar 17, 2026;73.50;89.11;72.52;73.37;72.24;63.30;73.34;93.19;102.03;121.80;70.88;139.51;97.98;-;144.32;99.66;110.81
Mar 17, 2026;Mar 18, 2026;126.16;118.11;113.77;117.55;121.09;71.68;121.26;108.71;131.15;131.22;109.13;143.66;129.96;-;143.37;131.29;137.27
Mar 18, 2026;Mar 19, 2026;88.91;90.15;80.92;89.74;89.74;26.00;90.88;109.62;100.92;91.18;70.33;145.56;96.74;-;149.16;101.27;103.13
Mar 19, 2026;Mar 20, 2026;113.79;107.36;100.29;115.17;115.16;30.75;108.01;119.18;117.92;118.13;100.40;138.88;117.10;-;139.35;116.39;123.77
Mar 20, 2026;Mar 21, 2026;143.02;131.80;118.74;142.87;143.52;55.07;131.37;124.29;151.05;147.81;128.45;158.52;148.16;-;157.37;148.17;157.74
Mar 21, 2026;Mar 22, 2026;114.33;102.33;96.06;114.33;114.31;40.57;106.78;115.02;125.71;104.54;60.73;123.32;124.25;-;148.53;126.88;127.26
Mar 22, 2026;Mar 23, 2026;83.24;80.58;72.12;83.89;83.59;40.96;77.81;107.74;94.74;81.83;39.09;114.17;90.47;-;160.69;94.47;93.52
Mar 23, 2026;Mar 24, 2026;141.91;129.94;125.43;138.37;140.98;86.31;134.56;120.73;156.03;131.60;87.37;156.34;151.66;-;164.33;154.95;159.38
Mar 24, 2026;Mar 25, 2026;76.81;86.13;72.04;73.69;74.49;51.06;78.39;98.56;118.70;88.65;53.65;136.69;101.54;-;142.18;111.58;124.33
Mar 25, 2026;Mar 26, 2026;37.68;54.69;35.03;21.42;19.22;16.22;42.24;67.28;110.82;55.59;15.26;135.80;82.71;-;141.72;107.68;107.59
Mar 26, 2026;Mar 27, 2026;91.48;92.90;87.48;68.89;62.28;70.63;90.84;98.11;122.71;112.19;56.62;138.38;113.75;-;154.43;122.44;133.64
Mar 27, 2026;Mar 28, 2026;118.53;118.67;117.78;114.95;118.47;115.00;118.20;112.38;124.99;107.84;106.00;145.67;124.10;-;153.84;121.98;141.83
Mar 28, 2026;Mar 29, 2026;81.00;80.18;75.58;80.12;63.71;62.63;78.25;90.49;83.15;89.27;55.61;121.06;82.16;-;119.34;83.32;84.89
Mar 29, 2026;Mar 30, 2026;68.88;74.68;64.84;66.85;66.82;50.45;67.78;86.68;82.84;98.04;57.61;92.98;86.60;-;120.00;84.36;88.61
Mar 30, 2026;Mar 31, 2026;58.44;84.70;59.26;56.60;57.89;47.28;59.39;91.46;130.32;107.25;55.40;138.85;127.97;-;150.09;127.35;138.72
Mar 31, 2026;Apr 1, 2026;117.83;122.00;118.15;111.78;114.99;108.76;121.24;110.70;135.25;128.89;111.48;141.36;139.45;-;155.99;135.80;148.38
Apr 1, 2026;Apr 2, 2026;144.21;135.94;141.65;138.71;144.07;134.70;143.33;115.71;149.85;130.76;102.40;146.31;147.90;-;160.64;150.08;154.34
Apr 2, 2026;Apr 3, 2026;114.03;113.26;120.03;105.62;109.67;109.99;123.66;107.29;134.14;103.55;81.31;130.63;119.95;-;149.12;133.91;135.80
Apr 3, 2026;Apr 4, 2026;84.64;85.79;84.71;80.23;78.46;75.41;89.59;88.62;103.64;99.52;60.92;90.04;92.54;-;123.39;104.99;108.30
Apr 4, 2026;Apr 5, 2026;33.08;49.12;45.08;30.99;29.87;19.59;70.17;72.21;66.71;56.48;15.86;73.82;59.57;-;119.82;64.78;72.60
Apr 5, 2026;Apr 6, 2026;-16.34;7.95;0.05;1.01;1.91;-3.56;14.46;43.02;17.74;-2.20;0.99;4.88;9.15;-;101.26;18.84;34.21
Apr 6, 2026;Apr 7, 2026;3.04;25.64;36.85;23.99;5.54;3.47;78.74;79.14;19.69;-3.01;2.64;25.32;9.63;-;108.85;29.16;47.25
Apr 7, 2026;Apr 8, 2026;89.89;79.36;88.54;90.35;79.13;36.19;89.23;104.04;89.17;84.80;36.57;83.93;91.05;-;127.91;89.92;91.29
Apr 8, 2026;Apr 9, 2026;86.97;90.44;86.12;100.21;100.22;54.17;86.41;111.50;87.58;100.59;88.16;92.10;87.78;-;128.19;89.62;94.42
Apr 9, 2026;Apr 10, 2026;81.63;80.03;78.70;77.13;80.15;51.79;79.94;96.79;88.32;90.34;75.73;77.98;83.44;-;123.88;91.74;103.01
Apr 10, 2026;Apr 11, 2026;119.57;107.14;113.93;113.17;110.66;39.93;117.34;108.55;124.68;122.54;88.52;118.14;121.07;-;129.84;126.91;133.86
Apr 11, 2026;Apr 12, 2026;46.57;56.73;48.76;52.51;57.54;10.94;59.10;75.57;68.87;87.47;56.20;52.82;54.26;-;121.05;75.30;89.32
Apr 12, 2026;Apr 13, 2026;79.73;71.38;67.14;75.21;67.85;40.84;73.11;85.93;80.86;79.11;53.06;84.99;77.04;-;104.19;82.80;86.21
Apr 13, 2026;Apr 14, 2026;127.30;113.70;128.43;123.50;106.83;117.64;128.86;122.27;114.32;103.76;71.70;123.36;109.98;-;146.03;85.75;97.98
Apr 14, 2026;Apr 15, 2026;138.09;125.00;124.29;137.05;127.59;90.56;132.45;135.21;141.49;131.83;78.22;134.34;141.91;-;150.67;142.07;144.19
Apr 15, 2026;Apr 16, 2026;117.53;112.84;103.70;117.02;117.99;70.30;111.03;117.10;126.93;122.60;108.91;124.03;121.67;-;140.20;128.85;140.67
Apr 16, 2026;Apr 17, 2026;110.68;107.13;100.14;110.64;112.21;73.31;106.18;110.56;112.50;116.34;111.14;113.97;111.38;-;130.19;113.75;127.65
Apr 17, 2026;Apr 18, 2026;104.65;100.42;107.41;107.30;107.68;72.08;106.24;106.89;100.07;95.52;95.57;106.78;99.13;-;111.10;99.80;99.37
Apr 18, 2026;Apr 19, 2026;84.59;81.29;99.53;91.23;90.60;47.30;92.36;96.38;79.76;78.52;58.22;80.22;80.11;-;93.90;79.36;79.60
Apr 19, 2026;Apr 20, 2026;80.81;75.82;79.77;85.58;85.42;25.32;78.60;94.60;80.80;93.04;52.98;76.90;81.05;-;101.83;78.60;83.82
Apr 20, 2026;Apr 21, 2026;97.71;90.40;116.92;97.71;75.99;21.07;101.79;102.23;102.60;110.78;73.79;92.71;98.85;-;118.68;105.12;120.45
Apr 21, 2026;Apr 22, 2026;82.57;79.73;75.03;84.30;84.36;16.54;76.64;85.96;101.91;79.04;75.56;104.49;93.21;-;113.58;108.31;122.58
Apr 22, 2026;Apr 23, 2026;78.67;66.59;69.77;79.86;54.32;11.44;73.63;86.72;89.67;79.97;29.25;76.68;81.22;-;120.07;92.91;111.37
Apr 23, 2026;Apr 24, 2026;64.21;61.68;60.99;70.47;51.15;20.80;74.88;83.82;72.14;66.33;38.86;71.29;67.79;-;101.97;74.61;93.14
Apr 24, 2026;Apr 25, 2026;76.11;73.35;79.14;77.03;79.30;23.00;79.66;84.16;77.66;98.99;54.43;77.67;75.80;-;119.17;80.44;98.21
Apr 25, 2026;Apr 26, 2026;16.13;26.45;29.17;30.41;19.61;1.31;51.99;56.77;23.52;17.03;16.78;26.73;17.66;-;104.31;28.46;36.33
Apr 26, 2026;Apr 27, 2026;2.99;20.16;16.16;66.64;63.62;-40.83;12.95;75.69;-6.57;1.26;17.65;18.71;-3.53;-;107.73;-5.41;-19.90
Apr 27, 2026;Apr 28, 2026;98.35;90.77;95.47;102.76;101.25;36.91;96.10;109.34;96.93;96.60;73.89;92.65;96.59;-;122.41;99.64;104.75
Apr 28, 2026;Apr 29, 2026;70.65;72.76;61.43;77.78;77.67;18.85;62.46;86.93;94.21;80.95;67.59;91.96;80.54;-;128.59;102.68;103.26
Apr 29, 2026;Apr 30, 2026;65.36;69.64;51.68;73.58;83.44;3.32;60.12;80.62;81.58;82.11;83.64;93.49;72.46;-;115.41;108.93;112.66
Apr 30, 2026;May 1, 2026;72.06;67.49;57.46;72.95;76.65;11.59;66.67;76.59;78.63;86.29;69.22;71.01;75.35;-;107.79;81.87;89.82
May 1, 2026;May 2, 2026;-2.08;16.19;-5.47;66.20;66.35;-41.39;1.24;72.65;-0.02;12.25;10.00;-0.68;-3.01;-;82.74;7.28;5.06
May 2, 2026;May 3, 2026;58.85;52.35;68.48;71.98;68.54;25.59;76.82;78.78;59.29;61.43;4.54;1.82;58.56;-;101.29;60.86;55.26
May 3, 2026;May 4, 2026;74.97;73.11;85.46;87.99;85.57;32.30;89.82;91.30;71.46;68.67;54.14;65.71;71.75;-;103.88;70.89;73.28
May 4, 2026;May 5, 2026;131.06;117.09;123.74;124.10;125.54;111.38;127.62;111.28;107.60;117.36;100.97;122.58;115.80;-;137.46;112.25;114.40
May 5, 2026;May 6, 2026;128.73;118.08;119.98;128.20;128.86;92.06;123.01;122.50;111.97;122.77;101.33;127.14;121.07;-;146.94;126.89;119.28
May 6, 2026;May 7, 2026;122.44;120.92;122.06;122.44;121.49;113.40;121.78;120.73;124.44;116.04;117.16;132.35;118.27;-;147.48;133.81;126.25
May 7, 2026;May 8, 2026;136.03;130.66;124.81;135.85;136.28;98.56;130.51;133.04;137.29;135.84;133.67;134.65;136.80;-;136.64;138.29;140.34
May 8, 2026;May 9, 2026;113.81;107.83;104.07;113.38;112.80;51.51;108.79;114.25;120.29;122.32;108.49;115.52;114.67;-;130.02;125.87;140.45
May 9, 2026;May 10, 2026;88.33;85.68;77.73;89.15;88.54;29.50;82.29;109.75;94.85;112.84;82.09;86.18;89.52;-;110.59;99.68;115.02
May 10, 2026;May 11, 2026;77.09;78.15;66.86;80.51;82.64;21.22;70.94;107.07;83.43;78.96;81.82;107.67;78.57;-;115.92;87.54;102.61
May 11, 2026;May 12, 2026;119.26;111.08;107.59;119.26;119.92;37.01;111.42;117.71;126.65;119.58;117.43;124.15;121.11;-;129.31;129.93;138.68
May 12, 2026;May 13, 2026;93.31;97.98;91.08;93.56;106.34;69.63;92.86;106.99;103.00;102.68;106.28;110.71;94.69;-;114.49;107.40;123.23
May 13, 2026;May 14, 2026;113.54;106.97;98.29;115.51;116.37;35.09;105.08;117.16;121.75;115.35;116.16;120.31;115.59;-;129.31;125.97;136.54
May 14, 2026;May 15, 2026;94.85;91.30;84.37;94.39;94.71;24.36;89.54;105.36;108.34;102.71;79.14;121.51;99.83;-;133.78;110.66;120.07
May 15, 2026;May 16, 2026;109.81;106.16;95.10;106.96;108.16;42.79;101.84;112.73;120.50;127.55;104.65;132.33;115.17;-;144.79;120.44;118.89
May 16, 2026;May 17, 2026;78.30;83.26;74.69;83.04;85.32;48.73;77.19;99.79;83.52;110.92;86.90;82.85;82.89;-;120.22;83.84;84.24
May 17, 2026;May 18, 2026;83.00;82.82;80.94;84.53;84.08;50.55;81.76;103.78;84.72;95.62;77.88;83.58;83.60;-;100.76;85.53;87.79
May 18, 2026;May 19, 2026;138.95;131.18;133.63;138.95;131.35;79.33;136.09;133.44;142.05;141.40;130.20;136.01;140.52;-;139.58;143.18;143.22
May 19, 2026;May 20, 2026;128.12;118.99;110.91;128.12;127.29;45.07;118.03;118.52;136.70;134.08;126.05;131.49;132.65;-;133.38;139.58;141.79
May 20, 2026;May 21, 2026;108.90;102.22;92.80;108.74;109.16;46.03;100.00;106.84;120.46;110.31;107.97;110.55;111.53;-;127.55;97.46;106.98
May 21, 2026;May 22, 2026;109.15;104.06;106.59;108.93;111.32;60.53;106.27;109.38;108.25;106.68;109.19;109.59;107.92;-;127.54;102.64;106.68
May 22, 2026;May 23, 2026;106.35;99.52;96.61;107.48;109.22;59.77;101.69;98.15;108.45;106.47;95.29;104.74;106.86;-;121.45;109.28;116.02
May 23, 2026;May 24, 2026;79.78;71.25;74.35;78.84;78.60;34.32;76.06;69.45;82.90;95.63;43.02;69.05;81.51;-;103.88;83.35;81.81
May 24, 2026;May 25, 2026;66.72;58.98;67.41;70.41;71.61;17.52;66.40;64.89;68.05;67.83;29.55;58.23;66.90;-;92.48;69.32;67.46
May 25, 2026;May 26, 2026;81.45;74.11;78.18;79.20;72.24;30.27;75.99;75.87;83.56;89.09;68.13;77.96;84.71;-;116.65;103.38;91.39
May 26, 2026;May 27, 2026;97.87;87.60;94.06;88.11;78.70;66.62;94.94;82.88;100.66;92.59;57.99;108.81;98.20;-;126.14;102.54;112.59
May 27, 2026;May 28, 2026;84.05;80.88;83.21;72.61;63.07;76.41;83.50;76.43;91.16;80.33;58.86;112.65;91.42;-;134.89;95.88;114.74
May 28, 2026;May 29, 2026;122.32;111.38;117.14;121.52;119.57;81.81;119.26;89.44;116.61;119.38;110.52;111.11;118.80;-;131.95;116.29;118.22
May 29, 2026;May 30, 2026;102.88;98.10;104.32;101.42;98.48;84.82;102.78;85.05;100.74;101.66;95.92;102.47;101.45;-;134.99;101.87;105.09
May 30, 2026;May 31, 2026;85.87;83.27;82.62;83.75;86.18;59.77;83.56;82.74;88.52;98.18;84.61;80.30;85.80;-;112.91;91.56;103.04
May 31, 2026;Jun 1, 2026;89.90;86.44;83.22;94.08;98.72;33.71;85.19;90.85;92.04;91.32;98.60;91.98;91.13;-;109.55;92.68;91.34
Jun 1, 2026;Jun 2, 2026;151.86;134.23;131.67;151.86;151.98;55.33;144.27;121.56;146.90;155.56;148.92;118.56;149.95;-;126.11;145.33;151.14
Jun 2, 2026;Jun 3, 2026;122.02;113.49;126.16;122.19;123.34;23.10;122.44;118.58;121.67;122.03;123.47;123.48;121.93;-;143.40;121.75;121.92
Jun 3, 2026;Jun 4, 2026;102.64;95.61;90.82;103.44;105.92;8.96;93.93;101.35;115.54;115.72;105.91;95.18;114.90;-;139.07;118.10;116.31
Jun 4, 2026;Jun 5, 2026;61.34;61.53;52.59;63.48;64.21;8.13;55.37;63.17;70.29;72.42;63.77;96.01;67.38;-;137.16;75.30;88.57
Jun 5, 2026;Jun 6, 2026;100.36;95.09;96.93;98.20;98.89;32.52;97.48;92.56;103.57;123.87;99.45;99.11;103.45;-;136.44;108.81;114.92
Jun 6, 2026;Jun 7, 2026;88.42;81.64;84.57;94.10;95.36;16.74;87.48;88.81;82.02;86.17;88.29;89.81;84.72;-;133.50;82.40;84.09
Jun 7, 2026;Jun 8, 2026;42.67;44.25;37.46;47.31;50.55;13.72;40.15;43.53;45.16;64.55;50.78;49.50;44.00;-;98.86;45.66;45.11
Jun 8, 2026;Jun 9, 2026;124.25;113.30;132.58;127.49;128.02;28.05;129.10;118.22;109.74;117.56;128.31;112.52;114.72;-;142.08;109.70;116.19
Jun 9, 2026;Jun 10, 2026;96.87;97.09;87.11;96.49;101.89;32.81;89.84;97.14;113.45;119.75;102.46;117.35;109.67;-;144.23;121.09;127.73
Jun 10, 2026;Jun 11, 2026;122.51;107.85;106.86;119.47;101.11;33.49;114.33;108.51;126.67;134.71;93.82;122.23;125.13;-;145.96;127.60;126.90
Jun 11, 2026;Jun 12, 2026;112.06;100.55;113.62;114.35;115.04;11.64;111.86;99.99;87.55;120.14;114.39;106.78;110.68;-;128.14;94.71;100.91
Jun 12, 2026;Jun 13, 2026;97.46;89.94;86.74;93.29;95.30;25.69;89.53;89.29;102.77;111.22;96.17;97.67;101.66;-;126.06;107.21;111.89
Jun 13, 2026;Jun 14, 2026;26.82;32.34;28.51;25.67;34.71;23.94;29.43;29.30;32.25;66.78;34.96;18.36;31.79;-;94.73;38.01;47.42
Jun 14, 2026;Jun 15, 2026;25.12;26.60;28.69;25.76;19.54;27.83;30.04;32.49;26.65;35.84;19.89;22.60;23.24;-;91.10;35.07;59.96
Jun 15, 2026;Jun 16, 2026;74.26;73.85;83.05;65.09;60.70;75.84;81.04;80.39;76.68;77.89;64.88;71.90;74.92;-;131.06;87.85;91.89
Jun 16, 2026;Jun 17, 2026;113.08;110.25;123.05;115.12;112.28;95.51;118.68;111.12;100.50;106.00;111.45;114.20;104.86;-;132.51;103.15;115.48
Jun 17, 2026;Jun 18, 2026;117.63;115.03;123.11;118.26;117.03;98.32;119.99;114.44;116.49;116.94;115.31;109.17;116.31;-;134.94;118.09;123.79
Jun 18, 2026;Jun 19, 2026;139.92;126.65;141.93;142.01;138.65;93.90;143.63;108.12;131.78;145.28;105.43;107.13;135.33;-;140.44;129.30;133.60
Jun 19, 2026;Jun 20, 2026;108.18;104.07;113.30;109.26;107.85;83.68;111.19;98.35;104.98;112.88;97.46;99.94;105.92;-;136.80;105.52;115.75
Jun 20, 2026;Jun 21, 2026;87.47;81.79;88.29;87.91;86.32;73.02;88.26;75.67;85.81;98.82;52.50;77.83;85.28;-;124.21;87.43;98.78
Jun 21, 2026;Jun 22, 2026;83.00;77.82;87.02;83.36;80.97;61.62;84.55;76.89;81.90;84.85;49.01;83.76;82.06;-;96.30;82.72;84.85
Jun 22, 2026;Jun 23, 2026;124.09;120.73;124.00;124.10;123.71;106.80;123.35;115.64;124.47;123.72;122.81;115.25;124.22;-;141.82;124.63;125.41
Jun 23, 2026;Jun 24, 2026;174.91;158.48;184.58;176.44;175.15;136.12;175.96;123.41;169.46;168.67;124.08;137.88;171.57;-;154.30;169.63;173.04
Jun 24, 2026;Jun 25, 2026;207.84;187.80;257.55;212.09;208.98;157.87;227.99;142.75;192.31;176.84;130.23;160.54;198.70;-;164.04;195.49;200.72
Jun 25, 2026;Jun 26, 2026;133.54;128.17;139.46;130.48;133.58;116.02;128.38;107.70;132.95;139.54;113.78;138.38;129.60;-;149.82;141.04;175.72
Jun 26, 2026;Jun 27, 2026;135.11;127.17;143.69;135.14;134.77;127.23;133.06;103.01;132.11;134.54;92.63;130.97;131.73;-;156.26;137.18;158.12
Jun 27, 2026;Jun 28, 2026;99.42;94.41;106.89;100.66;91.85;88.03;101.41;85.22;95.62;104.50;72.55;96.84;94.90;-;128.23;100.28;120.23
Jun 28, 2026;Jun 29, 2026;85.00;82.21;82.22;86.77;80.99;78.21;83.80;80.13;83.99;88.58;70.14;86.44;83.10;-;121.36;85.88;96.22
Jun 29, 2026;Jun 30, 2026;140.28;131.21;150.50;141.90;140.83;124.55;145.60;110.15;133.73;146.34;96.63;125.58;127.51;-;156.89;172.59;222.73
Jun 30, 2026;Jul 1, 2026;187.33;166.22;210.96;191.60;189.23;123.50;200.38;131.70;154.47;161.26;153.25;137.95;174.13;-;154.04;262.05;290.71
Jul 1, 2026;Jul 2, 2026;151.43;137.00;137.76;152.14;151.61;97.45;148.57;115.25;154.23;143.41;132.05;133.39;141.18;-;149.33;177.73;235.17
Jul 2, 2026;Jul 3, 2026;73.31;75.26;75.12;58.26;76.94;56.83;75.89;64.82;94.64;83.49;75.41;78.30;88.16;-;142.27;118.55;136.93
Jul 3, 2026;Jul 4, 2026;59.54;57.49;73.59;33.91;25.97;64.66;69.77;59.23;75.99;57.01;30.14;71.32;70.81;-;139.42;86.42;100.96
Jul 4, 2026;Jul 5, 2026;63.40;56.22;61.38;53.78;36.60;46.14;62.48;61.33;66.58;68.07;37.64;58.94;65.45;-;105.89;73.67;75.42
Jul 5, 2026;Jul 6, 2026;62.75;56.40;75.29;40.88;49.42;37.07;67.16;51.55;66.41;67.30;50.11;50.87;64.29;-;98.72;68.79;72.37
Jul 6, 2026;Jul 7, 2026;98.83;101.05;108.44;98.31;94.17;85.04;102.89;95.03;112.35;116.48;93.41;100.01;105.44;-;143.66;116.22;116.43
Jul 7, 2026;Jul 8, 2026;72.80;86.15;93.66;64.34;71.09;72.55;87.20;79.07;100.36;114.22;80.64;92.07;92.43;-;142.04;103.11;106.85
Jul 8, 2026;Jul 9, 2026;98.96;99.21;125.58;91.70;93.16;93.34;112.44;90.65;122.24;76.65;54.89;113.84;116.82;-;146.26;128.40;128.17
Jul 9, 2026;Jul 10, 2026;124.21;122.60;137.06;125.07;124.23;110.34;130.05;110.39;123.04;122.14;122.74;120.71;122.81;-;153.73;122.50;123.62
Jul 10, 2026;Jul 11, 2026;123.67;122.08;123.48;123.92;124.02;119.13;123.77;113.94;123.33;125.62;120.48;121.98;123.25;-;148.25;125.40;123.26
Jul 11, 2026;Jul 12, 2026;94.60;95.34;93.64;96.14;96.89;91.35;94.23;96.09;95.06;100.20;96.05;94.29;94.78;-;143.95;98.22;97.34
Jul 12, 2026;Jul 13, 2026;75.23;79.81;76.77;77.00;80.18;75.21;73.41;77.21;80.28;96.27;79.39;83.75;78.40;-;129.20;83.64;81.00
Jul 13, 2026;Jul 14, 2026;119.11;121.54;119.68;120.31;121.49;113.77;112.65;117.63;128.93;130.15;116.69;131.59;124.00;-;151.90;126.01;125.90
Jul 14, 2026;Jul 15, 2026;123.97;125.48;130.63;122.54;123.88;120.09;109.24;117.65;135.72;128.82;122.46;139.44;129.82;-;152.19;133.65;133.75
Jul 15, 2026;Jul 16, 2026;136.42;137.37;139.18;135.74;136.75;137.52;123.45;127.96;146.83;142.19;132.19;146.65;142.56;-;165.90;161.42;151.07
Jul 16, 2026;Jul 17, 2026;159.86;153.16;150.16;159.36;159.61;152.72;150.85;132.64;161.01;158.64;147.53;152.18;160.09;-;169.42;160.45;161.97
Jul 17, 2026;Jul 18, 2026;140.63;140.80;139.46;140.80;141.73;140.73;139.26;131.17;144.79;142.19;140.15;146.29;142.30;-;168.50;152.28;156.65
Jul 18, 2026;Jul 19, 2026;82.46;88.22;83.78;80.14;80.72;84.41;83.28;97.38;96.42;105.14;80.70;87.93;90.47;-;166.59;113.14;106.14
Jul 19, 2026;Jul 20, 2026;70.96;74.17;68.83;71.03;72.24;60.21;69.64;93.64;84.53;88.80;40.70;87.65;78.55;-;150.84;91.14;85.90
Jul 20, 2026;Jul 21, 2026;103.16;111.74;110.87;104.61;105.67;98.95;105.86;124.78;128.98;113.93;89.30;132.21;114.02;-;169.40;127.36;127.61
Jul 21, 2026;Jul 22, 2026;112.96;117.61;111.20;112.51;113.60;102.77;112.32;127.02;138.31;118.57;104.47;131.56;121.33;-;172.56;141.93;137.37
Jul 22, 2026;Jul 23, 2026;100.43;107.67;113.75;90.23;92.05;103.01;105.64;111.96;134.16;111.76;85.22;134.98;101.59;-;166.94;127.01;122.30
Jul 23, 2026;Jul 24, 2026;117.65;122.24;123.55;118.10;117.30;112.28;119.77;129.67;138.21;128.74;92.83;146.25;117.91;-;176.99;131.52;130.13
Jul 24, 2026;Jul 25, 2026;130.53;125.96;135.25;128.83;129.49;112.39;132.20;124.18;133.29;132.75;91.04;134.54;131.57;-;171.70;133.28;131.01
Jul 25, 2026;Jul 26, 2026;91.12;85.88;90.58;88.40;90.01;84.88;90.55;91.06;95.70;100.80;17.18;102.30;93.20;-;156.33;98.04;93.42
Jul 26, 2026;Jul 27, 2026;90.17;83.98;89.19;92.35;91.50;49.79;89.06;94.27;96.38;90.25;35.17;104.79;91.02;-;160.73;98.14;92.01
Jul 27, 2026;Jul 28, 2026;77.09;82.14;76.26;69.30;69.90;64.00;76.26;89.93;101.61;91.63;43.57;137.24;83.87;-;183.39;98.17;95.58
Jul 28, 2026;Jul 29, 2026;116.82;109.57;118.92;114.98;114.04;104.97;117.57;119.94;126.77;112.02;17.33;140.89;117.88;-;175.97;125.48;122.08
Jul 29, 2026;Jul 30, 2026;126.84;119.68;124.18;126.37;127.07;113.73;125.35;121.12;137.98;128.15;46.87;137.15;128.56;-;176.65;141.83;132.34
Jul 30, 2026;Jul 31, 2026;121.33;118.74;136.18;121.60;121.52;114.37;124.65;125.74;134.13;126.63;31.30;147.69;122.37;-;180.23;132.19;132.14
Jul 31, 2026;Aug 1, 2026;148.59;134.53;143.29;148.54;148.81;132.51;146.25;126.92;155.61;153.12;17.31;154.65;152.85;-;183.95;157.65;157.81
Aug 1, 2026;Aug 2, 2026;119.74;111.94;114.90;119.40;120.03;102.24;117.08;108.57;133.44;143.50;23.26;124.23;124.67;-;167.55;132.00;132.28
Aug 2, 2026;Aug 3, 2026;105.46;98.62;104.00;106.03;106.06;99.25;104.53;100.23;116.16;107.02;18.61;115.85;107.05;-;163.68;117.82;122.19
Aug 3, 2026;Aug 4, 2026;128.09;127.42;138.39;126.52;126.38;132.23;123.26;127.59;155.45;138.13;61.96;135.91;135.80;-;196.75;180.30;178.57
Aug 4, 2026;Aug 5, 2026;149.79;141.09;140.86;148.54;150.30;134.63;143.00;131.71;159.37;150.21;76.23;156.71;160.45;-;190.59;194.61;186.90
Aug 5, 2026;Aug 6, 2026;110.52;118.85;100.64;104.33;108.43;98.83;103.02;119.39;162.33;162.39;48.96;149.93;149.12;-;207.37;179.74;176.27
Aug 6, 2026;Aug 7, 2026;99.51;114.68;102.20;83.07;88.58;97.28;99.60;117.53;174.15;182.88;7.26;157.42;151.45;-;197.50;183.34;182.42
Aug 7, 2026;Aug 8, 2026;122.08;115.68;121.89;119.11;120.94;106.26;121.99;120.74;152.02;130.11;11.00;130.62;137.83;-;183.60;158.66;157.93
Aug 8, 2026;Aug 9, 2026;99.09;93.83;98.16;100.53;101.22;93.84;98.58;92.94;111.33;110.86;9.45;108.15;107.09;-;172.35;117.21;113.42
Aug 9, 2026;Aug 10, 2026;94.47;86.29;94.52;94.76;94.87;90.93;94.22;89.24;99.00;93.53;3.79;98.34;95.94;-;151.55;96.87;97.41
Aug 10, 2026;Aug 11, 2026;117.91;118.47;126.81;105.83;109.70;125.99;119.24;109.72;153.53;150.66;8.92;149.06;143.66;-;175.02;153.84;156.57
Aug 11, 2026;Aug 12, 2026;110.38;110.21;114.23;99.80;100.37;115.13;111.64;102.07;143.29;111.76;36.20;144.79;133.00;-;179.54;150.70;151.44
Aug 12, 2026;Aug 13, 2026;138.40;140.00;141.86;138.71;139.51;141.20;134.70;150.13;146.39;142.16;122.80;140.16;142.38;-;175.23;145.07;144.89
Aug 13, 2026;Aug 14, 2026;147.07;151.15;155.51;151.19;154.58;154.68;147.58;147.14;161.55;152.81;131.06;148.86;157.71;-;183.39;165.65;163.69
Aug 14, 2026;Aug 15, 2026;140.33;138.92;150.65;140.63;141.75;145.74;141.91;135.16;143.25;139.07;99.65;147.40;142.85;-;173.39;144.19;143.76
Aug 15, 2026;Aug 16, 2026;120.10;110.86;124.25;122.74;121.65;122.27;122.87;124.24;117.06;111.09;20.96;116.55;115.80;-;149.88;116.30;115.08
Aug 16, 2026;Aug 17, 2026;138.07;126.13;138.14;138.13;138.05;138.15;138.13;129.28;137.84;137.67;20.08;134.16;137.77;-;157.56;137.81;137.94
Aug 17, 2026;Aug 18, 2026;176.73;172.80;177.21;176.57;176.97;177.35;176.75;164.21;181.46;172.58;138.05;178.89;180.80;-;178.13;181.48;183.86
Aug 18, 2026;Aug 19, 2026;163.93;162.61;161.95;163.61;164.69;162.21;162.03;158.05;166.08;152.11;163.68;169.23;165.12;-;166.89;165.68;164.47
Aug 19, 2026;Aug 20, 2026;166.03;164.46;166.42;166.09;166.07;165.78;166.23;161.18;167.21;156.28;164.00;163.36;166.46;-;172.19;167.94;167.99
Aug 20, 2026;Aug 21, 2026;148.22;152.38;146.65;151.08;150.91;143.12;147.72;155.38;165.16;147.68;142.75;169.89;155.81;-;175.80;161.89;161.34
Aug 21, 2026;Aug 22, 2026;169.56;162.78;165.48;167.69;169.24;152.80;167.71;158.59;173.42;160.41;135.21;167.90;172.11;-;177.31;173.17;174.06
Aug 22, 2026;Aug 23, 2026;101.49;101.37;102.86;96.20;98.42;100.62;102.92;116.27;115.89;96.36;70.63;111.57;103.31;-;151.59;123.67;125.13
Aug 23, 2026;Aug 24, 2026;85.57;84.95;87.33;86.05;85.65;76.47;86.82;124.91;101.30;68.52;28.75;97.71;90.98;-;120.83;103.87;109.29
Aug 24, 2026;Aug 25, 2026;143.18;140.47;138.94;146.67;147.47;105.45;141.91;147.31;167.19;148.92;110.32;138.31;152.71;-;189.36;169.66;170.26
Aug 25, 2026;Aug 26, 2026;141.43;148.39;157.51;140.32;144.91;153.92;126.48;146.88;177.64;139.56;138.50;148.50;158.08;-;188.17;175.67;175.37
Aug 26, 2026;Aug 27, 2026;153.65;156.02;161.35;152.52;152.61;159.84;148.02;154.40;178.19;144.92;141.72;155.79;166.88;-;195.93;181.82;184.04
Aug 27, 2026;Aug 28, 2026;125.54;135.34;161.80;111.78;115.07;156.60;127.00;132.84;164.98;111.72;109.50;148.66;148.79;-;202.08;167.08;171.64
Aug 28, 2026;Aug 29, 2026;143.55;130.25;147.62;134.28;136.70;134.28;146.71;130.74;146.05;118.21;43.88;151.27;142.94;-;201.65;153.11;152.14
Aug 29, 2026;Aug 30, 2026;86.35;90.97;83.21;86.53;87.77;65.33;83.70;107.16;121.76;119.68;32.53;111.73;101.21;-;187.88;122.19;116.04
Aug 30, 2026;Aug 31, 2026;75.63;86.63;75.49;81.60;81.01;72.61;75.00;113.92;119.46;93.34;44.16;105.85;90.50;-;163.62;119.73;127.45
Aug 31, 2026;Sep 1, 2026;111.85;130.79;108.00;122.45;134.35;81.84;107.39;140.56;177.99;172.41;95.97;151.64;146.13;-;193.64;173.60;173.41
Sep 1, 2026;Sep 2, 2026;143.80;148.82;152.42;143.32;144.74;148.72;147.98;141.19;170.17;143.27;138.26;158.02;148.87;-;197.79;168.53;176.74
Sep 2, 2026;Sep 3, 2026;163.73;159.67;172.18;156.82;162.36;163.60;167.24;141.62;190.69;163.66;89.64;175.02;173.49;-;210.85;191.36;206.08
Sep 3, 2026;Sep 4, 2026;133.62;142.47;144.40;128.93;130.79;138.34;138.47;142.06;185.14;162.10;89.10;147.77;160.13;-;212.10;191.46;196.57
Sep 4, 2026;Sep 5, 2026;88.95;119.00;114.70;102.99;104.95;110.12;108.65;121.61;163.95;137.02;75.85;138.38;130.72;-;209.68;169.25;179.78
Sep 5, 2026;Sep 6, 2026;42.14;72.99;89.42;35.27;36.95;79.08;75.57;61.16;130.56;63.35;19.04;141.04;71.43;-;194.99;132.87;140.65
Sep 6, 2026;Sep 7, 2026;107.55;103.82;115.03;96.94;99.18;113.02;115.41;98.05;116.79;98.92;70.76;114.52;103.34;-;190.50;114.74;113.75
Sep 7, 2026;Sep 8, 2026;155.88;158.00;165.48;155.15;155.56;163.24;150.86;147.44;186.97;163.88;123.19;165.16;161.00;-;216.62;179.82;176.38
Sep 8, 2026;Sep 9, 2026;146.58;150.00;173.79;144.57;147.38;149.69;171.23;132.68;179.67;149.80;86.15;165.36;149.63;-;222.35;178.71;176.58
Sep 9, 2026;Sep 10, 2026;143.15;150.77;151.93;134.41;137.11;149.47;143.90;139.86;182.69;164.22;119.69;176.92;158.23;-;223.48;167.29;160.64
Sep 10, 2026;Sep 11, 2026;191.82;177.34;202.56;192.20;189.41;172.76;198.18;157.70;204.40;160.28;88.60;186.31;198.33;-;226.24;201.43;203.34
Sep 11, 2026;Sep 12, 2026;195.23;187.55;199.70;195.60;195.61;176.71;197.54;165.43;209.03;198.57;131.20;193.83;199.86;-;215.22;206.58;208.98
Sep 12, 2026;Sep 13, 2026;137.96;135.82;138.60;137.89;142.91;130.85;137.34;144.94;150.18;163.83;54.61;149.55;143.31;-;189.49;149.17;153.09
Sep 13, 2026;Sep 14, 2026;-;-;190.72;168.46;166.95;-;-;163.80;162.47;155.77;105.66;151.12;160.33;-;165.61;160.84;-
